Date,date_id,Year
2024-01-11 10:44:03,1,2024
2024-01-24 08:07:24,2,2024
2024-01-10 11:00:08,3,2024
2024-01-16 08:14:21,4,2024
2024-01-16 14:34:12,5,2024
2024-01-30 14:31:55,6,2024
2024-01-31 14:38:17,7,2024
2024-01-31 15:09:11,8,2024
2024-02-05 15:02:45,9,2024
2024-01-11 11:36:32,10,2024
2024-01-15 08:00:47,11,2024
2024-03-25 16:06:36,12,2024
2024-04-10 07:00:24,13,2024
2024-03-25 08:26:52,14,2024
2024-04-10 12:45:04,15,2024
2024-03-25 11:16:58,16,2024
2024-04-22 07:23:47,17,2024
2024-09-03 18:03:58,18,2024
2024-09-13 15:18:32,19,2024
2024-09-23 16:58:09,20,2024
2024-10-28 14:24:00,21,2024
2024-06-13 13:45:08,22,2024
2024-06-19 12:48:15,23,2024
2024-08-29 07:22:11,24,2024
2024-08-02 14:43:25,25,2024
2024-08-29 07:00:43,26,2024
2024-05-23 09:01:21,27,2024
2024-05-27 08:33:24,28,2024
2024-05-29 10:27:02,29,2024
2024-07-25 07:03:30,30,2024
2024-04-30 14:42:51,31,2024
2024-05-16 07:23:20,32,2024
2024-06-04 13:59:49,33,2024
2024-07-03 11:12:31,34,2024
2024-02-28 20:53:36,35,2024
2024-03-04 18:24:59,36,2024
2024-05-29 13:54:13,37,2024
2024-07-03 10:57:11,38,2024
2024-07-24 13:56:51,39,2024
2024-05-22 14:26:47,40,2024
2024-11-04 08:26:53,41,2024
2024-05-28 07:32:25,42,2024
2024-05-20 14:26:22,43,2024
2024-12-20 09:39:04,44,2024
2024-03-11 14:17:28,45,2024
2024-05-09 07:00:02,46,2024
2024-04-01 14:02:13,47,2024
2024-07-03 13:55:52,48,2024
2024-07-08 16:59:34,49,2024
2024-06-25 13:58:04,50,2024
2024-06-27 13:32:27,51,2024
2024-05-28 18:06:10,52,2024
2024-06-03 17:17:05,53,2024
2024-06-28 14:35:42,54,2024
2024-07-17 13:37:52,55,2024
2024-06-11 15:59:17,56,2024
2024-06-12 14:12:05,57,2024
2024-02-12 14:40:19,58,2024
2024-02-28 14:30:17,59,2024
2024-04-17 19:34:49,60,2024
2024-01-11 16:11:34,61,2024
2024-04-19 19:45:12,62,2024
2024-01-15 08:02:00,63,2024
2024-01-09 15:06:14,64,2024
2024-01-12 08:02:02,65,2024
2024-06-04 13:54:41,66,2024
2024-06-05 15:15:50,67,2024
2024-04-01 16:14:25,68,2024
2024-04-16 14:22:00,69,2024
2024-04-16 13:30:37,70,2024
2024-04-22 14:29:37,71,2024
2024-03-05 15:01:28,72,2024
2024-03-08 19:39:33,73,2024
2024-09-25 16:37:29,74,2024
2024-08-02 14:42:18,75,2024
2024-08-20 13:30:53,76,2024
2024-05-21 16:29:10,77,2024
2024-07-08 13:30:10,78,2024
2024-07-08 17:05:44,79,2024
2024-07-31 15:10:06,80,2024
2024-11-19 20:02:47,81,2024
2024-11-22 14:32:22,82,2024
2024-12-20 16:36:51,83,2024
2024-06-25 14:15:15,84,2024
2024-11-08 16:36:34,85,2024
2024-07-17 13:35:05,86,2024
2024-11-21 20:35:25,87,2024
2024-12-05 16:20:42,88,2024
2024-12-13 14:30:29,89,2024
2024-02-20 15:41:42,90,2024
2024-12-09 16:12:31,91,2024
2024-02-28 14:30:35,92,2024
2024-02-13 20:10:42,93,2024
2024-05-15 15:21:52,94,2024
2024-02-16 14:55:10,95,2024
2024-11-08 14:58:58,96,2024
2024-02-16 15:00:04,97,2024
2024-04-18 15:20:13,98,2024
2024-11-08 16:36:15,99,2024
2024-02-20 14:30:19,100,2024
2024-04-23 15:01:14,101,2024
2024-09-03 17:56:41,102,2024
2024-09-13 15:15:24,103,2024
2024-09-23 16:55:34,104,2024
2024-01-24 08:00:10,105,2024
2024-09-27 18:31:40,106,2024
2024-01-26 08:02:19,107,2024
2024-06-18 16:30:42,108,2024
2024-06-25 13:31:27,109,2024
2024-07-02 14:30:29,110,2024
2024-01-09 08:02:29,111,2024
2024-09-03 15:48:48,112,2024
2024-02-15 14:38:26,113,2024
2024-02-16 14:30:22,114,2024
2024-06-14 14:30:14,115,2024
2024-06-18 14:24:25,116,2024
2024-06-11 14:17:13,117,2024
2024-06-14 07:15:10,118,2024
2024-04-09 15:10:44,119,2024
2024-04-16 13:30:16,120,2024
2024-02-28 14:42:05,121,2024
2024-03-08 17:53:48,122,2024
2024-03-11 14:14:51,123,2024
2024-04-01 13:30:20,124,2024
2024-02-07 15:17:46,125,2024
2024-02-13 09:01:04,126,2024
2024-04-02 15:18:18,127,2024
2024-04-12 13:30:12,128,2024
2024-04-12 14:12:31,129,2024
2024-04-17 13:37:39,130,2024
2024-03-11 13:31:35,131,2024
2024-03-11 19:50:55,132,2024
2024-04-16 13:58:59,133,2024
2024-03-15 19:46:48,134,2024
2024-04-29 15:46:24,135,2024
2024-03-15 19:48:19,136,2024
2024-03-14 14:52:22,137,2024
2024-04-18 13:30:18,138,2024
2024-10-10 15:22:07,139,2024
2024-01-11 14:40:12,140,2024
2024-04-15 16:14:10,141,2024
2024-10-14 14:52:41,142,2024
2024-01-16 08:03:27,143,2024
2024-04-10 19:03:05,144,2024
2024-08-16 17:35:30,145,2024
2024-02-22 14:56:56,146,2024
2024-11-12 19:00:37,147,2024
2024-02-20 17:18:33,148,2024
2024-04-15 16:00:26,149,2024
2024-09-06 14:29:03,150,2024
2024-02-23 14:30:17,151,2024
2024-11-20 18:28:08,152,2024
2024-02-22 14:49:37,153,2024
2024-01-09 15:11:23,154,2024
2024-01-12 15:13:17,155,2024
2024-01-05 14:54:34,156,2024
2024-01-29 08:00:24,157,2024
2024-02-20 15:30:39,158,2024
2024-02-23 16:41:40,159,2024
2024-04-10 13:37:18,160,2024
2024-02-13 20:14:36,161,2024
2024-01-09 15:40:23,162,2024
2024-02-07 09:13:04,163,2024
2024-02-20 16:39:01,164,2024
2024-02-23 17:51:08,165,2024
2024-04-10 19:01:50,166,2024
2024-02-14 14:36:42,167,2024
2024-02-16 16:43:56,168,2024
2024-01-10 14:36:08,169,2024
2024-02-14 14:37:33,170,2024
2024-04-05 14:07:15,171,2024
2024-02-20 15:00:09,172,2024
2024-01-15 14:23:54,173,2024
2024-02-14 17:03:46,174,2024
2024-04-10 13:30:19,175,2024
2024-04-02 15:22:23,176,2024
2024-04-04 15:08:54,177,2024
2024-01-15 15:41:15,178,2024
2024-11-19 20:02:13,179,2024
2024-01-19 11:01:46,180,2024
2024-11-22 20:11:27,181,2024
2024-03-26 13:30:17,182,2024
2024-03-06 20:56:59,183,2024
2024-11-29 17:05:55,184,2024
2024-03-26 14:29:23,185,2024
2024-03-11 13:30:12,186,2024
2024-04-16 14:10:18,187,2024
2024-04-19 19:46:37,188,2024
2024-06-24 13:54:33,189,2024
2024-04-01 18:56:11,190,2024
2024-02-15 08:31:16,191,2024
2024-08-02 14:42:04,192,2024
2024-07-03 13:30:09,193,2024
2024-04-04 18:30:02,194,2024
2024-02-15 14:41:33,195,2024
2024-08-27 19:13:39,196,2024
2024-09-25 16:37:47,197,2024
2024-02-16 08:21:59,198,2024
2024-10-09 13:30:08,199,2024
2024-02-20 09:31:54,200,2024
2024-02-20 15:44:13,201,2024
2024-03-05 14:57:47,202,2024
2024-10-24 14:55:00,203,2024
2024-02-27 12:43:52,204,2024
2024-03-06 17:03:02,205,2024
2024-11-20 14:30:05,206,2024
2024-03-11 14:15:29,207,2024
2024-02-13 20:12:26,208,2024
2024-04-01 13:30:29,209,2024
2024-02-20 14:45:25,210,2024
2024-10-16 13:43:31,211,2024
2024-02-20 15:31:38,212,2024
2024-02-21 16:26:28,213,2024
2024-02-27 15:02:42,214,2024
2024-08-16 17:39:58,215,2024
2024-10-23 13:30:08,216,2024
2024-02-21 14:56:11,217,2024
2024-03-01 14:38:18,218,2024
2024-03-01 10:36:24,219,2024
2024-04-25 19:44:36,220,2024
2024-03-04 08:42:19,221,2024
2024-10-08 14:28:18,222,2024
2024-04-30 13:57:51,223,2024
2024-11-13 14:34:36,224,2024
2024-01-09 15:08:47,225,2024
2024-03-11 13:39:47,226,2024
2024-03-12 13:31:02,227,2024
2024-10-10 15:21:27,228,2024
2024-04-29 14:52:38,229,2024
2024-03-06 08:10:29,230,2024
2024-10-18 13:30:09,231,2024
2024-08-08 15:46:24,232,2024
2024-11-13 14:52:33,233,2024
2024-01-10 14:40:34,234,2024
2024-03-12 10:22:46,235,2024
2024-03-13 15:26:25,236,2024
2024-10-28 15:39:22,237,2024
2024-07-08 17:07:13,238,2024
2024-01-11 14:36:58,239,2024
2024-03-06 09:04:35,240,2024
2024-08-01 13:30:32,241,2024
2024-01-11 14:45:34,242,2024
2024-03-11 12:55:06,243,2024
2024-02-13 19:56:29,244,2024
2024-03-14 19:36:05,245,2024
2024-04-10 12:42:37,246,2024
2024-12-20 16:36:23,247,2024
2024-02-14 15:49:02,248,2024
2024-05-30 15:05:15,249,2024
2024-04-16 07:00:33,250,2024
2024-03-18 16:14:41,251,2024
2024-03-14 08:27:15,252,2024
2024-01-10 14:50:22,253,2024
2024-03-22 08:00:22,254,2024
2024-03-14 13:26:03,255,2024
2024-01-10 15:29:09,256,2024
2024-07-25 13:36:04,257,2024
2024-12-05 16:17:35,258,2024
2024-04-09 10:00:12,259,2024
2024-02-28 16:40:06,260,2024
2024-08-16 17:35:12,261,2024
2024-12-17 15:13:21,262,2024
2024-04-10 08:43:56,263,2024
2024-03-04 20:54:11,264,2024
2024-04-02 07:10:44,265,2024
2024-03-25 08:26:36,266,2024
2024-04-09 07:43:15,267,2024
2024-03-26 12:18:06,268,2024
2024-05-01 14:07:57,269,2024
2024-02-21 19:37:58,270,2024
2024-08-21 17:06:59,271,2024
2024-05-08 14:00:33,272,2024
2024-06-13 13:46:32,273,2024
2024-06-26 19:56:01,274,2024
2024-05-06 19:34:08,275,2024
2024-02-22 15:45:24,276,2024
2024-08-22 13:32:13,277,2024
2024-05-20 13:30:45,278,2024
2024-07-09 14:03:41,279,2024
2024-06-27 15:04:52,280,2024
2024-05-29 13:58:23,281,2024
2024-03-05 14:56:56,282,2024
2024-05-08 14:02:15,283,2024
2024-07-23 07:50:47,284,2024
2024-03-05 15:58:44,285,2024
2024-05-16 07:00:17,286,2024
2024-07-24 18:45:19,287,2024
2024-03-05 20:31:42,288,2024
2024-02-01 16:18:51,289,2024
2024-02-21 14:52:47,290,2024
2024-02-22 16:21:10,291,2024
2024-08-16 17:39:42,292,2024
2024-03-06 14:35:32,293,2024
2024-02-02 14:30:22,294,2024
2024-02-21 15:08:00,295,2024
2024-02-26 14:35:07,296,2024
2024-03-01 15:00:03,297,2024
2024-06-14 14:06:24,298,2024
2024-04-05 14:08:31,299,2024
2024-03-05 14:30:33,300,2024
2024-07-17 13:30:36,301,2024
2024-04-25 07:00:02,302,2024
2024-02-08 14:49:08,303,2024
2024-05-28 19:23:16,304,2024
2024-02-13 14:38:04,305,2024
2024-02-06 14:52:51,306,2024
2024-03-18 15:03:13,307,2024
2024-03-20 13:32:25,308,2024
2024-02-09 17:12:12,309,2024
2024-12-10 16:54:45,310,2024
2024-02-13 19:07:13,311,2024
2024-02-06 15:06:06,312,2024
2024-03-19 14:19:41,313,2024
2024-03-22 13:30:25,314,2024
2024-04-18 07:37:29,315,2024
2024-05-23 18:41:05,316,2024
2024-05-17 19:14:38,317,2024
2024-02-08 18:08:03,318,2024
2024-02-06 15:07:09,319,2024
2024-04-23 14:53:03,320,2024
2024-05-28 13:35:01,321,2024
2024-05-22 13:30:12,322,2024
2024-02-08 20:49:59,323,2024
2024-02-06 15:08:07,324,2024
2024-05-15 15:24:00,325,2024
2024-02-09 14:44:56,326,2024
2024-01-05 15:38:43,327,2024
2024-03-26 19:57:13,328,2024
2024-02-16 20:54:47,329,2024
2024-07-02 14:29:38,330,2024
2024-02-09 14:45:46,331,2024
2024-03-14 18:55:58,332,2024
2024-04-17 19:55:38,333,2024
2024-02-21 14:30:14,334,2024
2024-04-16 14:09:11,335,2024
2024-05-28 15:32:39,336,2024
2024-04-19 19:46:00,337,2024
2024-07-25 13:35:37,338,2024
2024-02-01 14:52:17,339,2024
2024-02-05 14:31:03,340,2024
2024-04-16 14:07:54,341,2024
2024-02-13 20:16:48,342,2024
2024-03-14 14:52:57,343,2024
2024-05-20 14:27:00,344,2024
2024-04-16 13:54:57,345,2024
2024-01-05 08:01:12,346,2024
2024-04-19 19:46:07,347,2024
2024-02-15 14:31:11,348,2024
2024-03-14 15:47:48,349,2024
2024-06-04 08:03:10,350,2024
2024-04-18 07:32:58,351,2024
2024-02-16 16:43:05,352,2024
2024-01-05 15:54:40,353,2024
2024-02-05 15:55:37,354,2024
2024-02-26 14:30:10,355,2024
2024-01-09 14:31:26,356,2024
2024-02-05 19:33:17,357,2024
2024-06-25 14:13:53,358,2024
2024-05-08 14:04:01,359,2024
2024-03-18 15:03:26,360,2024
2024-04-30 14:43:46,361,2024
2024-02-01 16:23:26,362,2024
2024-08-08 15:02:39,363,2024
2024-05-13 14:35:02,364,2024
2024-05-17 14:30:24,365,2024
2024-02-07 09:08:03,366,2024
2024-01-25 15:12:54,367,2024
2024-12-19 15:04:39,368,2024
2024-03-22 18:54:11,369,2024
2024-01-30 15:56:31,370,2024
2024-02-26 14:51:34,371,2024
2024-02-13 19:56:03,372,2024
2024-03-05 14:58:50,373,2024
2024-03-07 15:20:55,374,2024
2024-01-31 15:58:14,375,2024
2024-12-30 14:30:09,376,2024
2024-04-01 19:00:41,377,2024
2024-02-01 16:00:05,378,2024
2024-02-27 15:40:14,379,2024
2024-04-19 19:46:30,380,2024
2024-03-08 15:56:25,381,2024
2024-11-13 14:32:09,382,2024
2024-02-22 08:00:09,383,2024
2024-02-28 15:35:32,384,2024
2024-02-12 08:07:19,385,2024
2024-02-02 08:20:55,386,2024
2024-02-26 14:48:08,387,2024
2024-03-13 16:15:46,388,2024
2024-08-16 17:44:55,389,2024
2024-11-21 20:55:02,390,2024
2024-03-06 09:55:36,391,2024
2024-03-01 14:38:30,392,2024
2024-02-19 09:18:26,393,2024
2024-02-02 13:30:02,394,2024
2024-02-28 15:08:33,395,2024
2024-03-14 13:30:07,396,2024
2024-09-18 17:24:32,397,2024
2024-04-01 16:38:44,398,2024
2024-11-12 18:56:36,399,2024
2024-02-09 17:30:57,400,2024
2024-05-09 13:59:22,401,2024
2024-08-05 19:21:47,402,2024
2024-01-24 14:30:38,403,2024
2024-08-07 17:26:03,404,2024
2024-04-04 18:18:19,405,2024
2024-11-13 14:30:08,406,2024
2024-02-13 14:30:15,407,2024
2024-07-08 13:47:09,408,2024
2024-08-22 15:43:11,409,2024
2024-02-02 08:00:05,410,2024
2024-08-19 13:35:23,411,2024
2024-04-19 19:56:06,412,2024
2024-05-02 17:14:32,413,2024
2024-05-28 19:21:42,414,2024
2024-02-01 16:17:52,415,2024
2024-08-02 14:39:01,416,2024
2024-11-14 18:42:02,417,2024
2024-09-03 17:57:53,418,2024
2024-01-05 15:30:30,419,2024
2024-08-02 14:43:59,420,2024
2024-02-15 14:39:42,421,2024
2024-04-25 13:30:11,422,2024
2024-08-08 16:31:52,423,2024
2024-07-16 14:06:19,424,2024
2024-02-02 20:55:47,425,2024
2024-08-05 13:38:48,426,2024
2024-11-19 15:50:41,427,2024
2024-09-04 14:00:25,428,2024
2024-01-08 14:46:26,429,2024
2024-08-07 14:08:57,430,2024
2024-02-16 15:01:54,431,2024
2024-03-15 16:24:32,432,2024
2024-04-12 14:14:02,433,2024
2024-11-13 14:54:14,434,2024
2024-03-18 18:25:22,435,2024
2024-11-06 17:04:01,436,2024
2024-05-28 15:28:28,437,2024
2024-04-01 16:02:18,438,2024
2024-07-08 17:06:45,439,2024
2024-04-09 15:12:40,440,2024
2024-04-02 15:19:54,441,2024
2024-04-02 07:00:03,442,2024
2024-04-17 13:32:24,443,2024
2024-11-13 15:48:25,444,2024
2024-03-19 14:45:52,445,2024
2024-11-07 14:32:48,446,2024
2024-07-16 14:02:06,447,2024
2024-04-04 14:08:03,448,2024
2024-08-16 17:44:39,449,2024
2024-04-09 19:10:33,450,2024
2024-04-05 07:00:04,451,2024
2024-10-14 08:45:46,452,2024
2024-06-14 14:01:37,453,2024
2024-12-06 18:26:37,454,2024
2024-02-16 14:53:41,455,2024
2024-01-24 19:59:09,456,2024
2024-01-24 14:38:59,457,2024
2024-01-04 12:01:49,458,2024
2024-08-02 09:50:20,459,2024
2024-02-05 14:49:22,460,2024
2024-12-19 15:05:02,461,2024
2024-10-22 19:02:40,462,2024
2024-10-10 15:22:33,463,2024
2024-01-26 17:19:22,464,2024
2024-10-16 13:32:44,465,2024
2024-08-21 17:07:52,466,2024
2024-01-25 20:44:57,467,2024
2024-03-13 16:13:52,468,2024
2024-01-24 19:57:31,469,2024
2024-06-06 16:59:29,470,2024
2024-03-14 14:48:30,471,2024
2024-10-15 08:47:37,472,2024
2024-06-18 08:13:14,473,2024
2024-12-09 19:20:19,474,2024
2024-02-16 16:19:36,475,2024
2024-01-25 15:50:22,476,2024
2024-01-24 16:37:02,477,2024
2024-01-10 14:36:24,478,2024
2024-08-05 07:06:21,479,2024
2024-02-05 15:42:14,480,2024
2024-12-20 14:30:06,481,2024
2024-10-23 17:34:11,482,2024
2024-10-14 08:31:09,483,2024
2024-01-30 14:31:51,484,2024
2024-10-21 14:39:54,485,2024
2024-09-27 15:42:52,486,2024
2024-01-26 14:57:21,487,2024
2024-03-14 13:32:09,488,2024
2024-01-24 19:58:14,489,2024
2024-07-16 13:56:21,490,2024
2024-03-18 13:30:19,491,2024
2024-01-30 15:48:32,492,2024
2024-01-05 15:00:35,493,2024
2024-05-08 07:01:37,494,2024
2024-05-13 08:15:44,495,2024
2024-02-16 14:50:47,496,2024
2024-05-07 14:15:53,497,2024
2024-11-01 14:39:22,498,2024
2024-02-09 17:59:14,499,2024
2024-02-06 14:40:48,500,2024
2024-02-13 14:37:45,501,2024
2024-09-03 18:00:45,502,2024
2024-01-31 15:33:41,503,2024
2024-01-09 14:30:47,504,2024
2024-05-08 10:13:03,505,2024
2024-05-17 07:00:06,506,2024
2024-02-16 17:51:02,507,2024
2024-05-08 11:34:30,508,2024
2024-11-07 18:32:17,509,2024
2024-02-09 19:09:28,510,2024
2024-02-06 19:08:37,511,2024
2024-02-13 19:13:03,512,2024
2024-09-06 15:17:34,513,2024
2024-07-12 15:53:57,514,2024
2024-01-09 15:47:54,515,2024
2024-01-03 09:03:44,516,2024
2024-04-09 15:13:03,517,2024
2024-04-10 17:13:24,518,2024
2024-04-02 15:25:36,519,2024
2024-11-12 18:50:24,520,2024
2024-04-12 14:15:57,521,2024
2024-05-08 14:04:42,522,2024
2024-02-08 14:44:42,523,2024
2024-10-31 15:25:25,524,2024
2024-02-13 20:16:07,525,2024
2024-01-12 15:55:44,526,2024
2024-01-04 11:54:56,527,2024
2024-04-10 13:30:36,528,2024
2024-04-12 13:32:18,529,2024
2024-04-03 13:55:24,530,2024
2024-11-12 20:22:19,531,2024
2024-04-19 13:37:34,532,2024
2024-11-06 17:24:04,533,2024
2024-02-08 18:16:46,534,2024
2024-11-01 13:30:03,535,2024
2024-02-16 14:30:52,536,2024
2024-03-25 16:25:57,537,2024
2024-10-08 14:27:03,538,2024
2024-01-04 08:19:35,539,2024
2024-01-25 15:13:54,540,2024
2024-12-05 16:18:35,541,2024
2024-04-05 14:03:17,542,2024
2024-05-29 07:53:36,543,2024
2024-01-02 19:17:25,544,2024
2024-12-06 14:30:39,545,2024
2024-06-11 14:01:10,546,2024
2024-03-25 16:35:04,547,2024
2024-10-18 14:47:10,548,2024
2024-01-11 10:11:49,549,2024
2024-01-30 15:01:56,550,2024
2024-12-05 20:37:42,551,2024
2024-04-09 13:49:46,552,2024
2024-06-11 10:09:07,553,2024
2024-01-22 18:27:09,554,2024
2024-12-06 18:40:10,555,2024
2024-11-07 16:16:45,556,2024
2024-10-30 19:02:20,557,2024
2024-11-04 16:22:09,558,2024
2024-02-20 19:53:26,559,2024
2024-07-24 18:29:43,560,2024
2024-03-11 14:17:29,561,2024
2024-01-15 15:34:44,562,2024
2024-03-28 14:00:10,563,2024
2024-02-20 15:44:43,564,2024
2024-07-24 19:31:58,565,2024
2024-01-08 14:43:55,566,2024
2024-03-11 14:18:31,567,2024
2024-12-09 16:12:05,568,2024
2024-10-31 15:18:09,569,2024
2024-11-04 16:41:06,570,2024
2024-02-21 15:08:15,571,2024
2024-08-01 14:23:00,572,2024
2024-03-12 15:50:51,573,2024
2024-01-25 12:26:28,574,2024
2024-04-01 13:36:07,575,2024
2024-02-20 16:08:26,576,2024
2024-01-10 14:30:29,577,2024
2024-03-12 17:07:51,578,2024
2024-02-16 20:55:26,579,2024
2024-02-13 20:17:21,580,2024
2024-08-16 17:41:47,581,2024
2024-02-21 14:55:02,582,2024
2024-02-16 18:36:58,583,2024
2024-03-13 16:15:12,584,2024
2024-01-30 20:52:08,585,2024
2024-06-28 14:36:38,586,2024
2024-05-28 18:05:03,587,2024
2024-02-22 16:20:37,588,2024
2024-03-05 20:32:51,589,2024
2024-03-06 14:38:23,590,2024
2024-05-22 13:33:09,591,2024
2024-02-20 15:42:36,592,2024
2024-02-21 14:30:24,593,2024
2024-02-16 14:33:18,594,2024
2024-10-29 13:35:11,595,2024
2024-02-22 14:42:42,596,2024
2024-02-20 14:30:15,597,2024
2024-04-09 16:53:26,598,2024
2024-02-13 14:30:16,599,2024
2024-06-03 19:58:07,600,2024
2024-02-23 14:30:29,601,2024
2024-03-06 19:14:30,602,2024
2024-03-06 15:07:20,603,2024
2024-05-24 14:44:54,604,2024
2024-02-20 20:59:56,605,2024
2024-06-06 13:40:28,606,2024
2024-04-05 13:59:03,607,2024
2024-02-21 14:51:03,608,2024
2024-05-01 15:11:07,609,2024
2024-04-16 14:01:31,610,2024
2024-03-01 14:54:35,611,2024
2024-05-28 15:34:39,612,2024
2024-03-07 15:18:01,613,2024
2024-03-19 14:11:01,614,2024
2024-03-05 15:54:56,615,2024
2024-01-29 14:31:33,616,2024
2024-04-01 16:10:45,617,2024
2024-03-08 20:49:15,618,2024
2024-06-10 17:10:37,619,2024
2024-04-09 14:00:30,620,2024
2024-02-22 15:45:32,621,2024
2024-05-06 18:21:44,622,2024
2024-03-05 15:32:09,623,2024
2024-05-30 14:42:18,624,2024
2024-03-08 16:32:31,625,2024
2024-02-14 14:52:07,626,2024
2024-03-22 18:24:33,627,2024
2024-03-14 08:00:01,628,2024
2024-01-30 19:09:40,629,2024
2024-04-04 19:00:32,630,2024
2024-03-12 13:36:18,631,2024
2024-04-01 16:04:19,632,2024
2024-04-08 14:53:06,633,2024
2024-05-20 14:26:03,634,2024
2024-05-20 17:23:49,635,2024
2024-02-23 16:56:57,636,2024
2024-04-10 13:37:58,637,2024
2024-02-14 14:39:27,638,2024
2024-02-23 20:18:32,639,2024
2024-02-26 15:21:03,640,2024
2024-04-30 13:59:28,641,2024
2024-05-28 18:07:06,642,2024
2024-02-22 14:51:34,643,2024
2024-04-09 14:27:04,644,2024
2024-02-08 16:24:59,645,2024
2024-04-09 14:47:41,646,2024
2024-05-24 14:44:53,647,2024
2024-02-23 20:09:02,648,2024
2024-04-12 13:30:14,649,2024
2024-02-14 14:57:53,650,2024
2024-02-26 14:53:07,651,2024
2024-02-26 18:26:59,652,2024
2024-05-07 13:30:14,653,2024
2024-07-30 13:30:16,654,2024
2024-03-01 12:09:57,655,2024
2024-04-05 14:00:01,656,2024
2024-06-14 14:01:20,657,2024
2024-02-27 15:03:22,658,2024
2024-01-05 16:05:22,659,2024
2024-10-30 16:50:07,660,2024
2024-04-05 16:47:31,661,2024
2024-06-19 07:00:30,662,2024
2024-02-27 15:47:43,663,2024
2024-01-08 14:39:01,664,2024
2024-10-30 17:34:01,665,2024
2024-02-13 20:23:18,666,2024
2024-05-10 19:57:37,667,2024
2024-06-13 07:25:53,668,2024
2024-02-14 16:06:55,669,2024
2024-04-04 13:40:50,670,2024
2024-06-11 14:17:45,671,2024
2024-04-23 13:42:52,672,2024
2024-03-05 16:53:19,673,2024
2024-03-06 20:56:42,674,2024
2024-04-26 14:16:30,675,2024
2024-05-09 13:55:35,676,2024
2024-03-14 14:58:31,677,2024
2024-02-14 14:30:22,678,2024
2024-07-24 19:31:36,679,2024
2024-07-25 07:01:29,680,2024
2024-03-07 14:52:44,681,2024
2024-04-04 13:52:33,682,2024
2024-06-13 07:00:31,683,2024
2024-04-23 13:48:45,684,2024
2024-03-06 14:46:15,685,2024
2024-05-09 15:01:02,686,2024
2024-03-15 16:54:38,687,2024
2024-03-01 14:55:09,688,2024
2024-01-19 18:43:58,689,2024
2024-01-12 17:14:46,690,2024
2024-05-07 14:15:27,691,2024
2024-04-17 19:28:08,692,2024
2024-03-01 15:27:17,693,2024
2024-01-23 15:38:55,694,2024
2024-01-17 14:45:47,695,2024
2024-07-24 18:29:22,696,2024
2024-04-19 19:45:53,697,2024
2024-05-08 13:59:57,698,2024
2024-04-01 16:00:26,699,2024
2024-04-30 13:57:12,700,2024
2024-10-08 14:27:30,701,2024
2024-04-19 19:54:42,702,2024
2024-04-10 13:36:54,703,2024
2024-12-23 08:00:20,704,2024
2024-05-28 19:22:24,705,2024
2024-03-15 17:29:09,706,2024
2024-03-26 19:58:54,707,2024
2024-01-18 14:34:56,708,2024
2024-06-11 16:14:19,709,2024
2024-04-04 13:45:42,710,2024
2024-05-02 19:38:34,711,2024
2024-10-09 15:23:27,712,2024
2024-04-22 13:59:24,713,2024
2024-04-17 16:05:45,714,2024
2024-12-23 15:12:23,715,2024
2024-06-11 16:17:59,716,2024
2024-03-15 19:09:19,717,2024
2024-03-27 18:58:54,718,2024
2024-01-19 15:35:30,719,2024
2024-08-07 13:44:14,720,2024
2024-10-16 13:44:07,721,2024
2024-11-21 17:46:02,722,2024
2024-02-15 14:41:51,723,2024
2024-02-13 19:55:15,724,2024
2024-03-21 19:02:50,725,2024
2024-05-07 14:31:58,726,2024
2024-04-03 19:55:39,727,2024
2024-04-02 15:17:37,728,2024
2024-10-22 18:46:14,729,2024
2024-10-10 15:20:35,730,2024
2024-02-09 17:31:53,731,2024
2024-08-09 13:30:36,732,2024
2024-10-18 19:40:22,733,2024
2024-01-02 14:38:20,734,2024
2024-12-02 18:11:52,735,2024
2024-03-14 13:56:13,736,2024
2024-02-14 14:33:33,737,2024
2024-03-21 19:51:56,738,2024
2024-05-08 14:00:20,739,2024
2024-04-04 14:11:05,740,2024
2024-04-03 13:30:12,741,2024
2024-02-14 14:33:45,742,2024
2024-10-23 14:07:17,743,2024
2024-10-11 13:30:11,744,2024
2024-02-12 16:12:03,745,2024
2024-08-16 17:29:40,746,2024
2024-02-09 19:10:46,747,2024
2024-04-09 15:09:39,748,2024
2024-06-04 13:51:46,749,2024
2024-02-13 16:03:10,750,2024
2024-02-09 18:26:20,751,2024
2024-05-08 14:01:15,752,2024
2024-04-02 15:17:14,753,2024
2024-02-13 16:15:58,754,2024
2024-03-26 19:55:37,755,2024
2024-04-03 13:33:28,756,2024
2024-11-15 17:30:12,757,2024
2024-04-05 14:05:49,758,2024
2024-09-13 16:05:05,759,2024
2024-02-12 15:06:49,760,2024
2024-04-15 16:46:44,761,2024
2024-06-05 15:26:15,762,2024
2024-02-15 15:52:10,763,2024
2024-02-12 19:16:30,764,2024
2024-05-20 19:52:07,765,2024
2024-04-04 18:29:26,766,2024
2024-02-13 16:20:06,767,2024
2024-03-27 14:42:32,768,2024
2024-04-03 13:35:00,769,2024
2024-11-21 15:23:27,770,2024
2024-04-09 14:31:17,771,2024
2024-01-24 19:56:52,772,2024
2024-02-09 17:29:46,773,2024
2024-02-21 16:25:24,774,2024
2024-01-11 16:12:46,775,2024
2024-02-22 16:22:16,776,2024
2024-02-20 16:28:33,777,2024
2024-02-21 14:57:33,778,2024
2024-11-14 18:39:44,779,2024
2024-01-24 14:40:45,780,2024
2024-05-20 14:00:21,781,2024
2024-05-15 15:20:24,782,2024
2024-01-24 14:33:59,783,2024
2024-01-30 20:51:09,784,2024
2024-01-31 15:06:42,785,2024
2024-02-15 14:40:18,786,2024
2024-02-12 17:26:19,787,2024
2024-03-26 13:30:06,788,2024
2024-01-31 15:05:53,789,2024
2024-01-31 14:30:40,790,2024
2024-02-12 15:07:18,791,2024
2024-02-22 14:53:13,792,2024
2024-01-17 14:35:41,793,2024
2024-02-22 20:47:08,794,2024
2024-02-21 14:30:18,795,2024
2024-02-21 15:46:46,796,2024
2024-11-15 18:46:51,797,2024
2024-01-26 14:31:21,798,2024
2024-05-21 13:30:13,799,2024
2024-05-16 13:30:10,800,2024
2024-01-24 18:39:14,801,2024
2024-01-31 14:30:38,802,2024
2024-02-09 14:35:52,803,2024
2024-02-15 15:49:55,804,2024
2024-02-12 17:28:30,805,2024
2024-04-02 13:30:40,806,2024
2024-02-05 14:50:56,807,2024
2024-03-13 16:13:18,808,2024
2024-02-27 20:56:19,809,2024
2024-03-26 15:38:38,810,2024
2024-02-21 15:00:17,811,2024
2024-02-13 14:36:29,812,2024
2024-02-07 14:30:26,813,2024
2024-03-05 20:27:59,814,2024
2024-03-12 14:49:44,815,2024
2024-03-06 16:18:46,816,2024
2024-03-15 19:27:22,817,2024
2024-03-15 18:52:18,818,2024
2024-01-29 20:59:02,819,2024
2024-03-13 16:14:46,820,2024
2024-11-14 18:41:40,821,2024
2024-11-15 17:31:02,822,2024
2024-10-10 17:14:19,823,2024
2024-03-04 15:12:44,824,2024
2024-03-11 14:09:42,825,2024
2024-07-16 19:50:10,826,2024
2024-01-05 17:42:30,827,2024
2024-02-27 14:57:45,828,2024
2024-03-14 19:33:24,829,2024
2024-04-16 14:15:04,830,2024
2024-02-12 15:35:04,831,2024
2024-02-05 16:34:07,832,2024
2024-08-02 14:45:29,833,2024
2024-08-07 17:27:04,834,2024
2024-01-04 14:36:08,835,2024
2024-03-08 20:47:26,836,2024
2024-05-22 14:27:25,837,2024
2024-02-05 14:37:04,838,2024
2024-11-01 13:31:08,839,2024
2024-02-22 15:02:32,840,2024
2024-03-04 20:38:18,841,2024
2024-03-05 19:36:13,842,2024
2024-03-05 15:15:56,843,2024
2024-05-24 16:17:59,844,2024
2024-02-23 16:53:49,845,2024
2024-03-08 20:44:25,846,2024
2024-12-19 15:01:49,847,2024
2024-02-12 20:48:45,848,2024
2024-03-26 13:35:56,849,2024
2024-02-12 15:33:44,850,2024
2024-02-14 15:18:37,851,2024
2024-02-15 14:37:45,852,2024
2024-11-21 17:44:08,853,2024
2024-01-05 16:02:33,854,2024
2024-11-15 17:29:08,855,2024
2024-02-14 17:49:16,856,2024
2024-02-16 20:53:48,857,2024
2024-02-14 14:38:27,858,2024
2024-02-15 15:38:49,859,2024
2024-03-11 14:08:48,860,2024
2024-02-20 19:32:59,861,2024
2024-02-01 16:22:35,862,2024
2024-03-13 19:22:59,863,2024
2024-02-29 20:43:52,864,2024
2024-03-27 13:32:28,865,2024
2024-02-22 14:37:03,866,2024
2024-02-13 14:47:49,867,2024
2024-02-12 18:23:08,868,2024
2024-03-06 15:27:52,869,2024
2024-03-12 14:58:15,870,2024
2024-03-07 19:59:49,871,2024
2024-03-18 14:58:30,872,2024
2024-03-18 16:50:51,873,2024
2024-01-30 18:05:59,874,2024
2024-03-14 19:13:11,875,2024
2024-11-15 14:30:06,876,2024
2024-11-18 14:33:48,877,2024
2024-01-11 16:30:42,878,2024
2024-10-15 14:37:49,879,2024
2024-03-05 14:30:37,880,2024
2024-03-12 13:37:20,881,2024
2024-08-07 13:43:54,882,2024
2024-01-09 14:36:39,883,2024
2024-03-04 14:31:19,884,2024
2024-04-01 14:52:04,885,2024
2024-04-18 13:30:52,886,2024
2024-02-13 14:30:28,887,2024
2024-02-06 14:46:26,888,2024
2024-08-07 13:55:19,889,2024
2024-08-12 15:25:07,890,2024
2024-01-05 17:29:51,891,2024
2024-03-15 15:36:52,892,2024
2024-05-24 13:54:43,893,2024
2024-02-12 15:30:32,894,2024
2024-11-04 14:34:58,895,2024
2024-02-22 15:53:27,896,2024
2024-03-06 15:05:08,897,2024
2024-03-08 17:57:43,898,2024
2024-03-05 18:01:51,899,2024
2024-07-17 13:30:13,900,2024
2024-02-26 14:47:36,901,2024
2024-03-11 13:30:06,902,2024
2024-02-13 14:31:05,903,2024
2024-03-26 14:38:56,904,2024
2024-02-12 16:16:28,905,2024
2024-02-20 15:01:27,906,2024
2024-02-15 14:58:50,907,2024
2024-12-05 20:54:43,908,2024
2024-01-08 14:32:02,909,2024
2024-01-03 08:00:11,910,2024
2024-11-19 20:51:32,911,2024
2024-02-15 14:34:41,912,2024
2024-02-20 15:21:24,913,2024
2024-02-14 15:12:04,914,2024
2024-02-15 20:18:40,915,2024
2024-03-12 13:33:07,916,2024
2024-02-22 19:52:50,917,2024
2024-02-02 20:56:45,918,2024
2024-09-19 13:39:22,919,2024
2024-03-19 14:13:51,920,2024
2024-05-23 18:39:06,921,2024
2024-08-28 18:04:49,922,2024
2024-08-16 17:34:22,923,2024
2024-09-24 07:00:05,924,2024
2024-02-20 20:43:41,925,2024
2024-04-16 14:13:58,926,2024
2024-08-07 13:43:21,927,2024
2024-02-27 15:09:31,928,2024
2024-08-30 14:01:34,929,2024
2024-03-18 15:02:52,930,2024
2024-07-01 14:50:10,931,2024
2024-03-14 19:35:19,932,2024
2024-01-26 19:46:51,933,2024
2024-06-03 18:48:44,934,2024
2024-01-25 16:17:24,935,2024
2024-04-25 19:42:52,936,2024
2024-03-08 15:23:51,937,2024
2024-01-11 16:42:36,938,2024
2024-01-11 15:26:36,939,2024
2024-05-08 13:59:07,940,2024
2024-09-23 16:57:05,941,2024
2024-07-24 18:46:53,942,2024
2024-01-30 20:53:06,943,2024
2024-01-29 16:13:16,944,2024
2024-02-12 20:45:22,945,2024
2024-02-09 16:16:16,946,2024
2024-03-21 13:30:38,947,2024
2024-01-24 20:21:22,948,2024
2024-02-02 16:13:17,949,2024
2024-01-10 15:17:03,950,2024
2024-04-09 13:42:55,951,2024
2024-02-20 15:45:27,952,2024
2024-03-08 20:50:19,953,2024
2024-01-09 15:03:01,954,2024
2024-04-04 13:42:07,955,2024
2024-01-05 15:57:48,956,2024
2024-11-21 18:34:13,957,2024
2024-02-14 17:29:17,958,2024
2024-06-11 15:58:09,959,2024
2024-03-12 14:48:42,960,2024
2024-02-09 14:48:26,961,2024
2024-08-02 14:53:00,962,2024
2024-01-31 15:06:06,963,2024
2024-01-12 15:26:33,964,2024
2024-09-19 18:06:02,965,2024
2024-03-22 13:30:18,966,2024
2024-01-02 14:42:43,967,2024
2024-06-03 16:22:20,968,2024
2024-08-29 18:38:21,969,2024
2024-08-20 14:12:11,970,2024
2024-12-20 12:39:57,971,2024
2024-02-22 18:03:44,972,2024
2024-04-22 14:29:58,973,2024
2024-08-12 07:04:39,974,2024
2024-03-05 09:57:54,975,2024
2024-09-16 13:30:27,976,2024
2024-03-19 13:48:14,977,2024
2024-07-17 18:09:04,978,2024
2024-03-19 13:42:36,979,2024
2024-01-30 17:01:12,980,2024
2024-06-10 17:30:02,981,2024
2024-01-26 19:27:52,982,2024
2024-04-26 14:03:28,983,2024
2024-02-07 19:53:23,984,2024
2024-01-25 14:33:05,985,2024
2024-05-23 14:22:31,986,2024
2024-10-09 16:15:34,987,2024
2024-08-01 14:06:24,988,2024
2024-01-31 14:30:22,989,2024
2024-02-02 14:30:15,990,2024
2024-02-12 20:54:08,991,2024
2024-02-20 15:01:50,992,2024
2024-04-02 13:30:17,993,2024
2024-01-30 17:26:51,994,2024
2024-02-08 15:11:03,995,2024
2024-01-16 17:32:42,996,2024
2024-04-09 14:52:17,997,2024
2024-03-11 13:32:43,998,2024
2024-01-10 14:46:10,999,2024
2024-04-05 13:30:18,1000,2024
2024-01-11 15:06:36,1001,2024
2024-11-22 15:09:09,1002,2024
2024-02-26 20:51:46,1003,2024
2024-06-18 15:28:12,1004,2024
2024-03-12 17:53:32,1005,2024
2024-02-09 17:08:06,1006,2024
2024-09-17 16:46:17,1007,2024
2024-02-14 17:02:40,1008,2024
2024-01-23 14:30:33,1009,2024
2024-02-26 14:51:02,1010,2024
2024-05-29 13:53:43,1011,2024
2024-04-09 15:11:54,1012,2024
2024-02-08 14:50:50,1013,2024
2024-03-05 15:08:16,1014,2024
2024-03-11 14:12:26,1015,2024
2024-03-27 19:41:46,1016,2024
2024-05-01 14:07:34,1017,2024
2024-03-01 14:43:53,1018,2024
2024-03-04 08:42:39,1019,2024
2024-03-13 19:23:28,1020,2024
2024-05-01 14:01:40,1021,2024
2024-07-24 18:43:01,1022,2024
2024-04-30 13:56:19,1023,2024
2024-01-25 20:18:29,1024,2024
2024-01-12 16:09:31,1025,2024
2024-06-25 07:00:07,1026,2024
2024-03-14 15:11:29,1027,2024
2024-02-12 20:46:00,1028,2024
2024-03-08 20:47:00,1029,2024
2024-04-02 15:25:02,1030,2024
2024-02-07 15:38:55,1031,2024
2024-04-12 14:09:59,1032,2024
2024-02-13 20:43:56,1033,2024
2024-03-25 16:19:06,1034,2024
2024-03-04 15:02:34,1035,2024
2024-01-26 16:36:30,1036,2024
2024-01-03 18:01:46,1037,2024
2024-03-14 19:36:32,1038,2024
2024-02-13 18:55:03,1039,2024
2024-11-12 18:48:27,1040,2024
2024-02-22 18:06:24,1041,2024
2024-02-21 20:35:42,1042,2024
2024-05-01 14:09:26,1043,2024
2024-07-24 19:57:38,1044,2024
2024-08-21 09:28:10,1045,2024
2024-02-20 15:29:05,1046,2024
2024-03-25 16:13:11,1047,2024
2024-01-25 20:16:18,1048,2024
2024-02-05 17:10:43,1049,2024
2024-08-16 17:41:14,1050,2024
2024-04-18 15:16:39,1051,2024
2024-01-24 19:55:03,1052,2024
2024-03-08 15:22:04,1053,2024
2024-05-22 13:48:02,1054,2024
2024-05-22 13:48:17,1055,2024
2024-03-20 18:00:04,1056,2024
2024-02-16 14:51:53,1057,2024
2024-02-23 20:15:25,1058,2024
2024-02-14 16:33:45,1059,2024
2024-03-08 20:47:49,1060,2024
2024-03-04 19:39:03,1061,2024
2024-08-16 17:44:09,1062,2024
2024-04-25 19:46:41,1063,2024
2024-02-26 14:50:10,1064,2024
2024-01-24 14:43:12,1065,2024
2024-02-12 20:51:32,1066,2024
2024-04-16 14:21:16,1067,2024
2024-05-01 14:05:00,1068,2024
2024-04-02 09:56:37,1069,2024
2024-03-13 19:24:43,1070,2024
2024-05-01 14:04:23,1071,2024
2024-02-13 14:39:50,1072,2024
2024-04-29 19:59:50,1073,2024
2024-03-05 14:10:50,1074,2024
2024-02-26 16:24:00,1075,2024
2024-01-02 14:33:01,1076,2024
2024-06-13 13:57:32,1077,2024
2024-04-15 17:30:22,1078,2024
2024-02-08 18:19:54,1079,2024
2024-03-25 13:30:12,1080,2024
2024-03-12 15:41:25,1081,2024
2024-05-06 16:48:16,1082,2024
2024-03-01 20:58:26,1083,2024
2024-03-06 08:00:02,1084,2024
2024-03-14 13:51:50,1085,2024
2024-05-07 13:34:02,1086,2024
2024-09-27 18:26:39,1087,2024
2024-05-15 17:47:43,1088,2024
2024-01-29 14:48:19,1089,2024
2024-01-16 14:58:55,1090,2024
2024-08-07 13:43:08,1091,2024
2024-01-17 14:34:24,1092,2024
2024-03-22 19:57:25,1093,2024
2024-02-13 14:31:02,1094,2024
2024-03-14 13:54:29,1095,2024
2024-04-04 13:50:15,1096,2024
2024-02-08 14:33:39,1097,2024
2024-04-16 14:03:34,1098,2024
2024-03-07 17:31:28,1099,2024
2024-03-25 18:44:19,1100,2024
2024-03-05 14:31:21,1101,2024
2024-01-29 17:29:57,1102,2024
2024-01-25 18:58:52,1103,2024
2024-03-15 16:11:22,1104,2024
2024-02-08 16:25:13,1105,2024
2024-02-14 14:43:43,1106,2024
2024-11-14 15:58:43,1107,2024
2024-02-23 14:55:27,1108,2024
2024-03-04 14:30:36,1109,2024
2024-05-06 13:32:59,1110,2024
2024-08-19 13:31:38,1111,2024
2024-09-17 13:40:43,1112,2024
2024-02-21 19:23:28,1113,2024
2024-04-05 17:57:13,1114,2024
2024-01-26 14:31:27,1115,2024
2024-02-06 16:44:38,1116,2024
2024-09-13 15:06:54,1117,2024
2024-04-24 14:14:11,1118,2024
2024-01-25 17:51:50,1119,2024
2024-03-21 08:11:01,1120,2024
2024-07-11 14:23:36,1121,2024
2024-05-23 13:51:55,1122,2024
2024-03-21 17:56:07,1123,2024
2024-02-20 14:33:33,1124,2024
2024-02-29 20:42:54,1125,2024
2024-02-15 14:54:41,1126,2024
2024-03-08 20:49:42,1127,2024
2024-03-18 15:03:03,1128,2024
2024-09-13 15:43:38,1129,2024
2024-04-30 15:33:30,1130,2024
2024-03-01 17:11:33,1131,2024
2024-01-24 19:12:38,1132,2024
2024-02-14 16:01:10,1133,2024
2024-04-30 15:24:01,1134,2024
2024-05-14 07:00:01,1135,2024
2024-04-02 13:49:19,1136,2024
2024-03-14 13:44:34,1137,2024
2024-05-06 13:30:13,1138,2024
2024-03-05 14:30:36,1139,2024
2024-05-07 13:40:14,1140,2024
2024-03-07 15:24:46,1141,2024
2024-07-17 14:30:38,1142,2024
2024-02-01 16:24:13,1143,2024
2024-08-02 14:49:48,1144,2024
2024-12-19 15:01:21,1145,2024
2024-04-09 10:44:24,1146,2024
2024-07-17 14:29:07,1147,2024
2024-02-26 14:55:08,1148,2024
2024-06-10 17:06:21,1149,2024
2024-02-26 10:34:41,1150,2024
2024-12-20 16:40:47,1151,2024
2024-04-08 14:52:23,1152,2024
2024-06-24 19:41:31,1153,2024
2024-01-03 20:52:33,1154,2024
2024-01-05 14:50:39,1155,2024
2024-01-04 08:17:24,1156,2024
2024-08-16 17:32:11,1157,2024
2024-07-24 18:38:02,1158,2024
2024-01-09 15:12:35,1159,2024
2024-04-02 15:21:51,1160,2024
2024-04-16 14:13:31,1161,2024
2024-12-20 16:37:34,1162,2024
2024-01-16 15:06:05,1163,2024
2024-05-20 14:22:40,1164,2024
2024-12-05 16:21:40,1165,2024
2024-04-10 17:12:56,1166,2024
2024-08-07 17:26:43,1167,2024
2024-07-17 14:29:22,1168,2024
2024-04-12 14:11:46,1169,2024
2024-04-17 19:24:43,1170,2024
2024-01-23 14:31:13,1171,2024
2024-04-16 14:22:41,1172,2024
2024-05-08 13:54:04,1173,2024
2024-03-07 16:08:39,1174,2024
2024-10-16 13:41:50,1175,2024
2024-04-09 15:38:00,1176,2024
2024-03-08 20:46:33,1177,2024
2024-12-19 15:07:34,1178,2024
2024-11-12 18:49:02,1179,2024
2024-09-23 16:56:35,1180,2024
2024-03-04 15:04:24,1181,2024
2024-04-05 14:01:09,1182,2024
2024-03-05 14:57:50,1183,2024
2024-12-05 16:23:04,1184,2024
2024-03-06 10:02:23,1185,2024
2024-02-16 15:15:39,1186,2024
2024-05-09 13:56:01,1187,2024
2024-07-24 13:30:12,1188,2024
2024-02-13 20:27:01,1189,2024
2024-08-07 13:50:56,1190,2024
2024-12-20 14:30:21,1191,2024
2024-04-16 07:02:45,1192,2024
2024-08-16 17:43:57,1193,2024
2024-03-01 16:15:55,1194,2024
2024-06-20 16:34:02,1195,2024
2024-02-27 12:32:02,1196,2024
2024-04-17 15:48:46,1197,2024
2024-06-26 15:01:38,1198,2024
2024-11-07 18:33:12,1199,2024
2024-01-04 16:49:05,1200,2024
2024-01-09 14:31:15,1201,2024
2024-01-05 08:00:17,1202,2024
2024-10-15 13:53:39,1203,2024
2024-08-16 13:30:16,1204,2024
2024-01-10 18:57:57,1205,2024
2024-04-09 07:00:03,1206,2024
2024-04-23 14:54:11,1207,2024
2024-12-30 15:00:09,1208,2024
2024-01-16 16:00:43,1209,2024
2024-05-21 19:56:18,1210,2024
2024-12-17 14:40:01,1211,2024
2024-08-12 14:54:08,1212,2024
2024-07-24 19:57:16,1213,2024
2024-04-17 16:33:54,1214,2024
2024-05-07 13:33:09,1215,2024
2024-01-23 14:48:58,1216,2024
2024-04-19 19:45:22,1217,2024
2024-08-16 17:40:54,1218,2024
2024-03-08 15:45:23,1219,2024
2024-10-22 13:34:44,1220,2024
2024-04-24 13:30:07,1221,2024
2024-03-11 13:30:16,1222,2024
2024-12-20 10:41:53,1223,2024
2024-11-14 14:45:38,1224,2024
2024-09-27 18:31:20,1225,2024
2024-03-28 08:00:02,1226,2024
2024-04-09 14:41:44,1227,2024
2024-03-06 15:04:48,1228,2024
2024-12-06 16:13:26,1229,2024
2024-03-08 14:53:12,1230,2024
2024-02-20 14:40:52,1231,2024
2024-05-09 15:14:34,1232,2024
2024-07-16 19:50:55,1233,2024
2024-01-25 20:18:53,1234,2024
2024-01-31 19:26:55,1235,2024
2024-10-16 13:37:37,1236,2024
2024-10-30 16:50:49,1237,2024
2024-03-26 19:59:34,1238,2024
2024-03-26 18:04:35,1239,2024
2024-10-10 17:16:15,1240,2024
2024-06-11 15:58:36,1241,2024
2024-05-29 13:54:35,1242,2024
2024-09-24 07:00:19,1243,2024
2024-02-06 14:43:30,1244,2024
2024-02-12 15:14:29,1245,2024
2024-04-05 14:08:55,1246,2024
2024-02-13 14:40:15,1247,2024
2024-04-01 15:59:48,1248,2024
2024-02-13 19:43:10,1249,2024
2024-08-02 14:40:14,1250,2024
2024-02-08 19:32:36,1251,2024
2024-06-28 14:34:54,1252,2024
2024-06-14 14:17:04,1253,2024
2024-02-08 14:50:05,1254,2024
2024-03-15 16:10:43,1255,2024
2024-03-11 14:14:01,1256,2024
2024-02-13 14:37:01,1257,2024
2024-07-01 14:48:00,1258,2024
2024-02-22 18:05:57,1259,2024
2024-11-14 18:42:40,1260,2024
2024-05-07 14:25:24,1261,2024
2024-07-01 14:47:42,1262,2024
2024-04-17 19:32:47,1263,2024
2024-05-29 13:55:26,1264,2024
2024-10-22 18:46:30,1265,2024
2024-01-30 14:53:02,1266,2024
2024-05-20 14:28:14,1267,2024
2024-06-24 19:41:06,1268,2024
2024-09-27 17:38:49,1269,2024
2024-01-24 19:56:09,1270,2024
2024-07-17 07:15:19,1271,2024
2024-01-25 15:16:05,1272,2024
2024-01-24 14:34:39,1273,2024
2024-02-06 18:08:56,1274,2024
2024-01-31 18:04:11,1275,2024
2024-04-19 19:55:19,1276,2024
2024-01-26 19:47:53,1277,2024
2024-01-11 16:09:23,1278,2024
2024-01-17 18:35:10,1279,2024
2024-02-06 15:04:04,1280,2024
2024-06-11 14:03:28,1281,2024
2024-11-12 18:52:35,1282,2024
2024-05-07 14:28:03,1283,2024
2024-06-25 14:17:13,1284,2024
2024-01-24 14:33:18,1285,2024
2024-09-03 17:57:20,1286,2024
2024-11-21 17:45:34,1287,2024
2024-05-28 18:07:50,1288,2024
2024-08-16 17:45:56,1289,2024
2024-12-09 16:13:36,1290,2024
2024-03-26 13:31:05,1291,2024
2024-01-09 15:13:58,1292,2024
2024-10-16 13:37:07,1293,2024
2024-12-09 16:13:15,1294,2024
2024-05-29 07:54:12,1295,2024
2024-03-18 15:05:42,1296,2024
2024-02-13 19:56:56,1297,2024
2024-03-15 19:44:36,1298,2024
2024-07-15 14:09:30,1299,2024
2024-03-13 16:17:54,1300,2024
2024-08-01 14:08:19,1301,2024
2024-08-02 14:51:13,1302,2024
2024-06-28 14:32:27,1303,2024
2024-03-15 08:15:03,1304,2024
2024-03-04 19:57:31,1305,2024
2024-03-19 16:20:09,1306,2024
2024-02-29 08:56:47,1307,2024
2024-01-29 16:10:37,1308,2024
2024-02-05 15:53:20,1309,2024
2024-10-23 13:30:07,1310,2024
2024-10-31 13:31:42,1311,2024
2024-06-06 13:30:27,1312,2024
2024-03-27 13:41:16,1313,2024
2024-10-15 14:14:42,1314,2024
2024-06-12 18:43:36,1315,2024
2024-06-28 14:42:14,1316,2024
2024-11-15 08:00:19,1317,2024
2024-02-13 14:30:59,1318,2024
2024-02-13 14:30:33,1319,2024
2024-04-22 09:16:14,1320,2024
2024-03-05 14:30:50,1321,2024
2024-04-04 18:27:42,1322,2024
2024-02-15 14:41:38,1323,2024
2024-08-22 19:29:28,1324,2024
2024-02-09 17:44:00,1325,2024
2024-07-04 07:00:02,1326,2024
2024-02-07 15:38:11,1327,2024
2024-06-21 07:00:02,1328,2024
2024-02-09 18:35:52,1329,2024
2024-03-22 13:30:17,1330,2024
2024-03-12 13:49:01,1331,2024
2024-02-13 19:23:36,1332,2024
2024-07-09 16:42:46,1333,2024
2024-12-02 16:29:28,1334,2024
2024-05-20 17:41:05,1335,2024
2024-07-11 14:59:34,1336,2024
2024-04-24 14:50:38,1337,2024
2024-06-06 13:59:02,1338,2024
2024-10-30 13:30:37,1339,2024
2024-02-13 19:53:19,1340,2024
2024-05-24 15:46:08,1341,2024
2024-06-27 13:31:05,1342,2024
2024-09-30 13:35:07,1343,2024
2024-01-25 15:12:01,1344,2024
2024-08-12 13:30:52,1345,2024
2024-01-25 19:23:45,1346,2024
2024-01-24 18:41:06,1347,2024
2024-02-08 14:39:18,1348,2024
2024-02-05 15:01:11,1349,2024
2024-04-23 19:37:23,1350,2024
2024-01-31 14:30:27,1351,2024
2024-01-12 15:12:56,1352,2024
2024-02-05 20:59:02,1353,2024
2024-02-08 17:42:53,1354,2024
2024-06-12 14:30:48,1355,2024
2024-11-15 14:30:17,1356,2024
2024-05-13 13:47:32,1357,2024
2024-07-24 18:42:23,1358,2024
2024-01-26 18:56:02,1359,2024
2024-09-06 14:42:09,1360,2024
2024-12-12 20:59:10,1361,2024
2024-06-11 13:30:19,1362,2024
2024-10-30 17:16:24,1363,2024
2024-12-13 16:08:13,1364,2024
2024-04-03 13:32:42,1365,2024
2024-01-12 14:41:32,1366,2024
2024-10-17 14:51:38,1367,2024
2024-12-10 16:55:26,1368,2024
2024-06-19 07:00:01,1369,2024
2024-03-18 16:55:45,1370,2024
2024-03-18 15:02:26,1371,2024
2024-07-24 18:46:26,1372,2024
2024-03-15 08:00:02,1373,2024
2024-08-16 17:43:51,1374,2024
2024-08-12 07:00:08,1375,2024
2024-07-09 16:37:11,1376,2024
2024-03-28 09:30:01,1377,2024
2024-03-05 14:30:18,1378,2024
2024-03-20 19:38:16,1379,2024
2024-03-13 08:00:01,1380,2024
2024-02-15 17:19:25,1381,2024
2024-01-08 16:48:46,1382,2024
2024-12-19 15:06:01,1383,2024
2024-05-22 13:43:28,1384,2024
2024-04-09 15:08:56,1385,2024
2024-08-05 19:29:14,1386,2024
2024-01-29 16:14:06,1387,2024
2024-04-16 14:15:26,1388,2024
2024-05-07 14:31:09,1389,2024
2024-03-04 15:09:37,1390,2024
2024-03-19 17:01:53,1391,2024
2024-01-31 15:07:22,1392,2024
2024-04-23 15:03:45,1393,2024
2024-03-14 19:32:29,1394,2024
2024-02-26 14:56:56,1395,2024
2024-03-11 14:11:53,1396,2024
2024-01-03 16:10:31,1397,2024
2024-02-29 16:19:50,1398,2024
2024-02-16 14:52:28,1399,2024
2024-07-15 14:08:56,1400,2024
2024-02-12 20:50:33,1401,2024
2024-02-14 16:28:53,1402,2024
2024-10-16 13:38:49,1403,2024
2024-03-08 15:22:34,1404,2024
2024-02-12 15:11:42,1405,2024
2024-12-19 15:02:13,1406,2024
2024-02-20 15:43:40,1407,2024
2024-12-19 15:03:12,1408,2024
2024-01-31 16:34:59,1409,2024
2024-09-03 18:03:01,1410,2024
2024-05-01 14:06:22,1411,2024
2024-12-20 16:38:38,1412,2024
2024-03-12 14:49:16,1413,2024
2024-04-25 19:41:37,1414,2024
2024-09-03 18:01:58,1415,2024
2024-03-07 19:03:49,1416,2024
2024-01-11 15:13:59,1417,2024
2024-01-11 17:05:10,1418,2024
2024-03-08 20:48:52,1419,2024
2024-11-13 08:00:13,1420,2024
2024-06-18 15:34:13,1421,2024
2024-02-28 14:42:54,1422,2024
2024-02-20 15:42:18,1423,2024
2024-11-12 18:54:52,1424,2024
2024-08-02 14:53:17,1425,2024
2024-04-01 16:07:02,1426,2024
2024-03-04 15:11:52,1427,2024
2024-05-28 15:33:32,1428,2024
2024-03-15 16:12:16,1429,2024
2024-04-09 15:13:30,1430,2024
2024-04-05 13:59:29,1431,2024
2024-11-12 18:53:17,1432,2024
2024-11-01 14:29:11,1433,2024
2024-05-08 14:02:59,1434,2024
2024-06-04 13:52:34,1435,2024
2024-02-27 19:40:53,1436,2024
2024-05-20 14:01:21,1437,2024
2024-04-25 19:46:03,1438,2024
2024-10-18 16:38:18,1439,2024
2024-04-16 14:16:40,1440,2024
2024-03-05 20:28:43,1441,2024
2024-08-02 14:44:25,1442,2024
2024-04-16 14:13:08,1443,2024
2024-12-09 16:15:12,1444,2024
2024-03-05 14:56:29,1445,2024
2024-07-01 14:48:35,1446,2024
2024-02-05 15:26:01,1447,2024
2024-01-23 18:02:42,1448,2024
2024-04-04 13:39:53,1449,2024
2024-12-20 16:41:24,1450,2024
2024-01-25 20:17:58,1451,2024
2024-01-18 18:13:10,1452,2024
2024-07-01 14:50:55,1453,2024
2024-01-24 14:32:25,1454,2024
2024-02-21 14:49:03,1455,2024
2024-04-02 15:23:14,1456,2024
2024-10-16 13:42:58,1457,2024
2024-02-05 15:10:59,1458,2024
2024-04-03 13:33:09,1459,2024
2024-07-15 14:09:55,1460,2024
2024-03-06 14:40:47,1461,2024
2024-02-07 16:23:17,1462,2024
2024-01-12 15:15:10,1463,2024
2024-05-08 13:51:25,1464,2024
2024-11-15 17:31:24,1465,2024
2024-02-05 14:47:32,1466,2024
2024-02-13 14:41:17,1467,2024
2024-01-11 15:28:39,1468,2024
2024-02-06 16:24:58,1469,2024
2024-05-07 14:29:53,1470,2024
2024-01-05 14:30:44,1471,2024
2024-04-09 15:14:55,1472,2024
2024-01-11 16:19:23,1473,2024
2024-01-24 14:36:45,1474,2024
2024-04-17 19:34:31,1475,2024
2024-07-24 18:33:56,1476,2024
2024-01-08 16:50:35,1477,2024
2024-01-03 14:34:58,1478,2024
2024-05-07 14:30:19,1479,2024
2024-06-13 14:54:59,1480,2024
2024-10-08 14:36:58,1481,2024
2024-07-01 14:49:47,1482,2024
2024-01-05 15:56:30,1483,2024
2024-06-24 19:42:19,1484,2024
2024-02-13 14:42:06,1485,2024
2024-02-20 14:40:30,1486,2024
2024-01-09 14:31:28,1487,2024
2024-12-20 14:32:11,1488,2024
2024-08-01 14:11:06,1489,2024
2024-04-15 17:21:00,1490,2024
2024-08-07 13:58:22,1491,2024
2024-02-02 20:56:22,1492,2024
2024-02-06 18:29:16,1493,2024
2024-04-19 13:30:09,1494,2024
2024-01-17 14:34:03,1495,2024
2024-05-22 13:30:10,1496,2024
2024-03-08 15:36:38,1497,2024
2024-03-25 13:34:04,1498,2024
2024-02-05 15:19:10,1499,2024
2024-04-24 14:14:51,1500,2024
2024-03-18 15:01:27,1501,2024
2024-03-04 14:30:53,1502,2024
2024-03-12 13:36:37,1503,2024
2024-01-05 20:28:12,1504,2024
2024-03-25 13:31:49,1505,2024
2024-02-26 14:34:10,1506,2024
2024-02-13 14:31:12,1507,2024
2024-02-16 14:30:27,1508,2024
2024-11-04 14:30:14,1509,2024
2024-03-11 08:00:08,1510,2024
2024-12-20 14:30:16,1511,2024
2024-02-29 15:12:05,1512,2024
2024-02-12 14:57:22,1513,2024
2024-09-05 13:34:56,1514,2024
2024-05-14 13:33:59,1515,2024
2024-12-27 15:05:10,1516,2024
2024-03-15 13:31:28,1517,2024
2024-05-08 17:01:52,1518,2024
2024-03-08 15:39:37,1519,2024
2024-01-11 16:14:31,1520,2024
2024-01-12 14:30:46,1521,2024
2024-03-11 14:13:28,1522,2024
2024-07-11 14:50:52,1523,2024
2024-02-29 16:26:19,1524,2024
2024-02-21 14:30:22,1525,2024
2024-11-20 15:16:43,1526,2024
2024-09-20 13:30:25,1527,2024
2024-02-20 17:24:31,1528,2024
2024-04-16 13:48:41,1529,2024
2024-03-05 14:30:35,1530,2024
2024-07-31 18:00:40,1531,2024
2024-03-25 13:30:13,1532,2024
2024-04-15 17:23:10,1533,2024
2024-04-09 14:29:25,1534,2024
2024-11-08 15:35:37,1535,2024
2024-05-20 14:59:36,1536,2024
2024-06-14 13:30:49,1537,2024
2024-04-01 13:37:28,1538,2024
2024-07-31 19:12:24,1539,2024
2024-05-20 18:06:47,1540,2024
2024-10-28 14:35:06,1541,2024
2024-04-17 16:04:01,1542,2024
2024-03-15 13:30:38,1543,2024
2024-08-07 16:12:12,1544,2024
2024-04-19 19:45:29,1545,2024
2024-12-10 16:24:58,1546,2024
2024-03-06 14:32:02,1547,2024
2024-07-24 12:01:21,1548,2024
2024-02-06 16:49:53,1549,2024
2024-01-31 14:46:49,1550,2024
2024-04-04 18:27:21,1551,2024
2024-01-29 14:31:07,1552,2024
2024-02-26 15:04:04,1553,2024
2024-01-22 15:29:00,1554,2024
2024-11-01 16:57:48,1555,2024
2024-01-25 19:05:59,1556,2024
2024-02-22 18:04:02,1557,2024
2024-04-10 07:00:02,1558,2024
2024-10-17 16:25:57,1559,2024
2024-02-06 14:56:22,1560,2024
2024-04-03 19:56:55,1561,2024
2024-07-24 18:37:36,1562,2024
2024-03-22 19:13:31,1563,2024
2024-02-12 18:26:45,1564,2024
2024-01-16 16:01:12,1565,2024
2024-06-28 15:01:06,1566,2024
2024-12-05 15:01:32,1567,2024
2024-02-06 14:59:41,1568,2024
2024-02-14 16:01:37,1569,2024
2024-01-11 16:17:20,1570,2024
2024-02-07 15:55:25,1571,2024
2024-05-22 18:02:44,1572,2024
2024-01-29 17:42:43,1573,2024
2024-04-24 14:39:28,1574,2024
2024-01-12 15:02:48,1575,2024
2024-02-08 15:23:23,1576,2024
2024-05-01 14:00:39,1577,2024
2024-01-03 14:32:58,1578,2024
2024-01-04 19:25:33,1579,2024
2024-10-30 17:26:03,1580,2024
2024-01-09 15:22:50,1581,2024
2024-01-05 20:27:23,1582,2024
2024-05-20 14:57:59,1583,2024
2024-06-18 16:41:35,1584,2024
2024-10-10 16:44:16,1585,2024
2024-07-11 14:14:46,1586,2024
2024-01-09 14:32:06,1587,2024
2024-06-28 14:41:20,1588,2024
2024-02-13 17:07:29,1589,2024
2024-02-12 15:27:46,1590,2024
2024-02-21 19:32:01,1591,2024
2024-08-02 14:44:56,1592,2024
2024-02-22 18:05:21,1593,2024
2024-10-16 13:32:04,1594,2024
2024-02-15 14:39:07,1595,2024
2024-03-05 15:51:21,1596,2024
2024-10-10 15:23:18,1597,2024
2024-02-28 20:54:57,1598,2024
2024-04-09 07:58:21,1599,2024
2024-03-18 15:22:44,1600,2024
2024-01-18 20:52:49,1601,2024
2024-10-31 17:41:49,1602,2024
2024-02-21 16:39:29,1603,2024
2024-03-06 14:37:59,1604,2024
2024-04-29 14:53:26,1605,2024
2024-02-22 14:33:06,1606,2024
2024-09-03 17:59:35,1607,2024
2024-05-28 15:30:41,1608,2024
2024-03-06 09:43:07,1609,2024
2024-05-22 13:47:06,1610,2024
2024-03-11 13:44:28,1611,2024
2024-04-05 13:57:43,1612,2024
2024-01-12 19:16:39,1613,2024
2024-02-09 16:57:09,1614,2024
2024-10-08 14:37:44,1615,2024
2024-03-18 15:50:29,1616,2024
2024-03-11 13:38:40,1617,2024
2024-03-05 15:54:26,1618,2024
2024-12-09 16:14:27,1619,2024
2024-04-16 14:16:11,1620,2024
2024-03-25 16:21:04,1621,2024
2024-03-18 15:04:38,1622,2024
2024-02-29 08:00:09,1623,2024
2024-05-09 15:04:13,1624,2024
2024-02-15 16:09:43,1625,2024
2024-02-19 14:05:15,1626,2024
2024-02-15 14:37:23,1627,2024
2024-10-16 14:21:38,1628,2024
2024-05-20 14:37:50,1629,2024
2024-03-22 13:42:27,1630,2024
2024-03-07 15:17:21,1631,2024
2024-02-20 16:00:42,1632,2024
2024-07-01 14:50:37,1633,2024
2024-04-01 16:33:39,1634,2024
2024-03-12 14:48:21,1635,2024
2024-11-19 20:00:23,1636,2024
2024-03-01 14:54:00,1637,2024
2024-03-13 16:12:28,1638,2024
2024-04-02 15:21:29,1639,2024
2024-08-16 17:33:04,1640,2024
2024-02-26 18:13:14,1641,2024
2024-02-14 20:51:02,1642,2024
2024-03-08 20:45:43,1643,2024
2024-03-14 14:55:01,1644,2024
2024-09-27 17:40:24,1645,2024
2024-03-15 19:41:24,1646,2024
2024-06-28 14:33:25,1647,2024
2024-03-19 16:18:06,1648,2024
2024-03-14 19:37:56,1649,2024
2024-01-26 16:35:00,1650,2024
2024-03-11 14:10:09,1651,2024
2024-02-23 17:02:32,1652,2024
2024-02-23 20:12:04,1653,2024
2024-03-04 15:04:51,1654,2024
2024-05-01 14:05:48,1655,2024
2024-08-16 17:42:48,1656,2024
2024-03-11 14:11:26,1657,2024
2024-03-05 20:29:54,1658,2024
2024-02-23 14:38:07,1659,2024
2024-02-22 16:21:50,1660,2024
2024-02-13 19:58:20,1661,2024
2024-02-16 20:53:15,1662,2024
2024-02-27 15:00:02,1663,2024
2024-02-12 16:00:11,1664,2024
2024-02-27 20:56:53,1665,2024
2024-04-30 14:45:56,1666,2024
2024-02-23 16:55:21,1667,2024
2024-02-20 15:43:04,1668,2024
2024-04-25 19:43:42,1669,2024
2024-01-23 15:07:24,1670,2024
2024-04-17 08:57:22,1671,2024
2024-02-13 14:38:34,1672,2024
2024-04-23 15:04:55,1673,2024
2024-02-12 20:49:28,1674,2024
2024-04-16 14:10:45,1675,2024
2024-04-19 19:56:39,1676,2024
2024-03-13 16:14:27,1677,2024
2024-11-15 17:29:43,1678,2024
2024-02-21 15:11:24,1679,2024
2024-10-16 13:40:34,1680,2024
2024-04-17 19:35:45,1681,2024
2024-03-11 14:10:39,1682,2024
2024-02-08 16:02:51,1683,2024
2024-04-22 17:29:00,1684,2024
2024-02-16 18:40:29,1685,2024
2024-02-14 14:34:29,1686,2024
2024-02-20 18:19:08,1687,2024
2024-02-14 16:31:27,1688,2024
2024-01-11 16:10:53,1689,2024
2024-12-19 15:02:49,1690,2024
2024-04-19 19:54:18,1691,2024
2024-01-09 15:11:56,1692,2024
2024-02-13 14:39:03,1693,2024
2024-08-16 17:30:00,1694,2024
2024-01-03 19:28:55,1695,2024
2024-12-27 15:37:02,1696,2024
2024-12-05 16:22:04,1697,2024
2024-04-04 13:41:36,1698,2024
2024-02-20 19:50:04,1699,2024
2024-04-05 14:00:38,1700,2024
2024-07-17 14:29:43,1701,2024
2024-05-20 14:27:40,1702,2024
2024-01-30 15:52:30,1703,2024
2024-03-20 11:24:55,1704,2024
2024-04-09 15:15:19,1705,2024
2024-04-16 14:12:35,1706,2024
2024-07-08 17:05:21,1707,2024
2024-11-15 17:28:49,1708,2024
2024-07-24 13:53:51,1709,2024
2024-08-02 14:52:22,1710,2024
2024-02-13 16:00:35,1711,2024
2024-02-13 18:50:09,1712,2024
2024-04-09 15:10:23,1713,2024
2024-05-07 14:28:25,1714,2024
2024-04-23 13:40:11,1715,2024
2024-01-24 19:54:44,1716,2024
2024-04-01 16:08:10,1717,2024
2024-12-05 16:19:07,1718,2024
2024-05-28 15:31:06,1719,2024
2024-03-04 16:05:45,1720,2024
2024-06-18 15:34:42,1721,2024
2024-02-01 16:21:25,1722,2024
2024-01-25 20:24:49,1723,2024
2024-01-24 20:22:30,1724,2024
2024-12-05 16:23:43,1725,2024
2024-06-13 15:37:59,1726,2024
2024-05-22 13:49:56,1727,2024
2024-01-03 11:46:03,1728,2024
2024-02-27 15:06:11,1729,2024
2024-12-19 15:05:28,1730,2024
2024-04-30 14:45:14,1731,2024
2024-01-22 15:56:54,1732,2024
2024-12-23 14:30:30,1733,2024
2024-04-05 14:07:50,1734,2024
2024-01-23 14:50:57,1735,2024
2024-07-17 14:30:04,1736,2024
2024-04-17 19:28:31,1737,2024
2024-04-17 19:32:07,1738,2024
2024-11-12 18:55:56,1739,2024
2024-07-24 18:38:28,1740,2024
2024-01-24 14:36:31,1741,2024
2024-02-22 14:53:57,1742,2024
2024-02-12 14:58:40,1743,2024
2024-02-13 18:57:57,1744,2024
2024-01-18 14:30:58,1745,2024
2024-10-24 14:57:19,1746,2024
2024-04-09 09:53:08,1747,2024
2024-03-26 08:32:25,1748,2024
2024-10-16 13:42:26,1749,2024
2024-02-07 20:50:00,1750,2024
2024-08-12 14:37:32,1751,2024
2024-02-09 17:32:47,1752,2024
2024-05-21 16:29:28,1753,2024
2024-05-07 14:29:17,1754,2024
2024-08-16 18:07:43,1755,2024
2024-02-05 16:32:37,1756,2024
2024-09-25 16:38:22,1757,2024
2024-02-06 18:39:13,1758,2024
2024-09-03 18:00:07,1759,2024
2024-08-07 13:40:28,1760,2024
2024-11-14 18:41:07,1761,2024
2024-03-26 13:34:09,1762,2024
2024-07-24 13:54:33,1763,2024
2024-01-08 14:42:17,1764,2024
2024-03-08 20:46:05,1765,2024
2024-03-12 14:50:39,1766,2024
2024-01-10 00:06:52,1767,2024
2024-01-10 00:06:53,1768,2024
2024-01-24 00:06:51,1769,2024
2024-02-14 00:09:53,1770,2024
2024-03-01 01:27:34,1771,2024
2024-03-06 00:12:02,1772,2024
2024-03-14 01:32:36,1773,2024
2024-03-15 01:36:58,1774,2024
2024-03-22 01:21:23,1775,2024
2024-03-26 02:26:51,1776,2024
2024-03-28 00:47:28,1777,2024
2024-04-11 01:48:15,1778,2024
2024-04-30 01:17:05,1779,2024
2024-05-07 00:30:36,1780,2024
2024-05-16 02:53:22,1781,2024
2024-05-20 00:34:16,1782,2024
2024-05-21 00:08:33,1783,2024
2024-05-21 00:40:24,1784,2024
2024-05-28 00:53:19,1785,2024
2024-06-03 01:24:19,1786,2024
2024-06-13 03:18:39,1787,2024
2024-06-14 00:18:35,1788,2024
2024-06-15 00:04:31,1789,2024
2024-06-17 00:56:58,1790,2024
2024-06-20 00:19:08,1791,2024
2024-06-20 03:22:48,1792,2024
2024-06-21 00:19:52,1793,2024
2024-06-24 00:37:29,1794,2024
2024-06-26 00:19:02,1795,2024
2024-06-26 04:26:08,1796,2024
2024-06-27 00:51:48,1797,2024
2024-06-28 06:36:18,1798,2024
2024-07-08 00:23:11,1799,2024
2024-07-25 01:40:47,1800,2024
2024-07-31 01:18:37,1801,2024
2024-08-02 00:13:21,1802,2024
2024-08-03 00:30:46,1803,2024
2024-08-07 00:30:09,1804,2024
2024-08-09 01:36:09,1805,2024
2024-08-15 00:44:32,1806,2024
2024-08-15 03:18:04,1807,2024
2024-08-20 00:30:31,1808,2024
2024-08-27 00:11:51,1809,2024
2024-09-01 01:06:40,1810,2024
2024-09-03 02:24:29,1811,2024
2024-09-04 00:24:26,1812,2024
2024-09-12 02:59:54,1813,2024
2024-09-13 00:10:05,1814,2024
2024-09-13 00:50:47,1815,2024
2024-09-16 02:24:46,1816,2024
2024-09-23 07:13:19,1817,2024
2024-09-26 02:52:57,1818,2024
2024-09-27 01:31:50,1819,2024
2024-10-03 02:36:29,1820,2024
2024-10-04 00:35:24,1821,2024
2024-10-11 01:05:12,1822,2024
2024-10-18 00:06:33,1823,2024
2024-11-08 01:21:22,1824,2024
2024-11-14 02:02:26,1825,2024
2024-11-20 00:04:25,1826,2024
2024-11-20 00:26:44,1827,2024
2024-12-04 00:06:29,1828,2024
2024-12-13 00:14:16,1829,2024
2024-12-13 00:26:35,1830,2024
2024-12-16 00:45:08,1831,2024
2024-12-16 03:13:29,1832,2024
2024-12-23 00:27:11,1833,2024
2024-12-27 00:49:29,1834,2024
2024-12-27 02:59:57,1835,2024
2024-08-16 17:45:46,1836,2024
2024-08-07 17:25:28,1837,2024
2024-10-09 13:30:12,1838,2024
2024-02-22 14:32:10,1839,2024
2024-03-19 15:37:58,1840,2024
2024-08-07 14:17:06,1841,2024
2024-02-22 18:23:29,1842,2024
2024-10-16 13:44:38,1843,2024
2024-02-19 08:00:02,1844,2024
2024-03-06 19:02:03,1845,2024
2024-10-31 13:30:24,1846,2024
2024-02-29 16:39:18,1847,2024
2024-04-09 08:35:08,1848,2024
2024-03-22 14:11:20,1849,2024
2024-01-22 18:27:30,1850,2024
2024-11-04 14:30:19,1851,2024
2024-02-22 15:45:09,1852,2024
2024-03-06 16:25:26,1853,2024
2024-05-02 16:39:53,1854,2024
2024-02-22 20:27:16,1855,2024
2024-02-01 11:12:03,1856,2024
2024-09-13 19:48:11,1857,2024
2024-06-28 19:32:08,1858,2024
2024-03-08 15:17:48,1859,2024
2024-05-24 14:45:23,1860,2024
2024-03-20 08:00:31,1861,2024
2024-04-17 15:30:50,1862,2024
2024-01-16 16:12:33,1863,2024
2024-02-12 15:49:17,1864,2024
2024-10-22 13:30:04,1865,2024
2024-03-19 13:30:20,1866,2024
2024-03-15 14:01:39,1867,2024
2024-03-08 08:00:02,1868,2024
2024-12-10 18:06:26,1869,2024
2024-06-07 07:00:02,1870,2024
2024-03-27 13:56:03,1871,2024
2024-03-22 08:09:51,1872,2024
2024-03-05 08:00:03,1873,2024
2024-06-06 19:42:14,1874,2024
2024-02-15 20:01:45,1875,2024
2024-02-20 14:43:07,1876,2024
2024-02-15 14:53:46,1877,2024
2024-10-21 14:31:05,1878,2024
2024-09-18 13:30:53,1879,2024
2024-03-22 19:12:07,1880,2024
2024-03-08 15:49:27,1881,2024
2024-02-23 08:00:01,1882,2024
2024-04-02 13:30:32,1883,2024
2024-03-12 16:39:27,1884,2024
2024-03-01 17:05:41,1885,2024
2024-03-13 19:28:04,1886,2024
2024-04-04 18:55:48,1887,2024
2024-09-20 13:59:39,1888,2024
2024-02-26 20:02:56,1889,2024
2024-02-15 14:35:28,1890,2024
2024-03-14 16:08:13,1891,2024
2024-10-08 16:01:22,1892,2024
2024-03-18 15:12:50,1893,2024
2024-03-21 18:43:05,1894,2024
2024-03-15 19:37:39,1895,2024
2024-01-30 14:48:50,1896,2024
2024-03-12 13:34:21,1897,2024
2024-02-23 18:04:14,1898,2024
2024-02-26 14:44:55,1899,2024
2024-03-04 20:44:32,1900,2024
2024-05-07 13:49:44,1901,2024
2024-09-04 13:30:42,1902,2024
2024-03-15 19:58:38,1903,2024
2024-03-11 13:31:30,1904,2024
2024-02-23 15:10:12,1905,2024
2024-02-22 18:03:20,1906,2024
2024-02-14 14:32:09,1907,2024
2024-02-20 15:01:24,1908,2024
2024-02-27 15:00:30,1909,2024
2024-02-12 18:28:51,1910,2024
2024-03-05 15:18:12,1911,2024
2024-05-07 13:42:38,1912,2024
2024-02-27 14:39:14,1913,2024
2024-02-26 15:21:14,1914,2024
2024-04-26 19:55:23,1915,2024
2024-02-01 15:56:25,1916,2024
2024-04-18 07:30:21,1917,2024
2024-02-14 14:40:33,1918,2024
2024-04-24 14:19:24,1919,2024
2024-02-13 15:58:29,1920,2024
2024-04-17 07:38:29,1921,2024
2024-04-22 14:06:49,1922,2024
2024-03-19 13:30:07,1923,2024
2024-11-18 14:30:04,1924,2024
2024-02-21 16:33:52,1925,2024
2024-10-30 13:42:37,1926,2024
2024-05-28 13:33:47,1927,2024
2024-03-13 13:33:49,1928,2024
2024-02-12 14:30:13,1929,2024
2024-04-24 13:49:41,1930,2024
2024-02-20 14:35:47,1931,2024
2024-02-15 13:50:50,1932,2024
2024-02-16 18:11:37,1933,2024
2024-01-29 17:57:39,1934,2024
2024-12-20 09:27:21,1935,2024
2024-04-23 15:01:32,1936,2024
2024-01-26 14:40:42,1937,2024
2024-02-13 17:07:28,1938,2024
2024-09-24 13:32:51,1939,2024
2024-01-09 14:31:33,1940,2024
2024-04-04 18:10:45,1941,2024
2024-02-21 17:12:43,1942,2024
2024-04-09 14:42:31,1943,2024
2024-09-19 18:17:37,1944,2024
2024-05-24 18:23:33,1945,2024
2024-02-08 14:40:27,1946,2024
2024-03-21 11:47:16,1947,2024
2024-04-15 17:28:09,1948,2024
2024-04-19 16:28:22,1949,2024
2024-09-13 16:07:09,1950,2024
2024-12-05 15:13:18,1951,2024
2024-09-16 13:33:52,1952,2024
2024-09-03 16:07:11,1953,2024
2024-02-13 17:27:13,1954,2024
2024-02-14 15:32:16,1955,2024
2024-04-18 16:12:45,1956,2024
2024-05-10 14:11:08,1957,2024
2024-04-23 13:47:21,1958,2024
2024-01-24 20:15:47,1959,2024
2024-04-15 19:18:45,1960,2024
2024-12-20 14:30:20,1961,2024
2024-06-05 15:50:49,1962,2024
2024-03-06 08:07:08,1963,2024
2024-07-24 14:00:45,1964,2024
2024-01-31 14:30:42,1965,2024
2024-01-25 17:35:10,1966,2024
2024-12-18 20:38:56,1967,2024
2024-06-17 19:50:06,1968,2024
2024-05-28 13:33:48,1969,2024
2024-01-16 08:00:19,1970,2024
2024-03-04 09:05:03,1971,2024
2024-12-20 20:55:02,1972,2024
2024-05-02 15:32:17,1973,2024
2024-01-23 14:35:16,1974,2024
2024-04-17 13:12:07,1975,2024
2024-01-24 19:24:02,1976,2024
2024-01-12 15:47:49,1977,2024
2024-10-30 13:41:26,1978,2024
2024-06-13 16:13:08,1979,2024
2024-04-23 19:32:45,1980,2024
2024-11-15 14:31:10,1981,2024
2024-01-04 08:00:17,1982,2024
2024-08-28 14:44:18,1983,2024
2024-01-31 15:33:58,1984,2024
2024-02-27 12:34:32,1985,2024
2024-02-12 18:16:09,1986,2024
2024-02-14 15:59:01,1987,2024
2024-01-18 18:11:45,1988,2024
2024-10-30 19:46:40,1989,2024
2024-04-16 07:03:03,1990,2024
2024-04-04 07:21:58,1991,2024
2024-02-12 14:40:23,1992,2024
2024-08-12 15:00:59,1993,2024
2024-03-04 15:12:19,1994,2024
2024-08-16 17:38:25,1995,2024
2024-05-21 13:30:19,1996,2024
2024-09-24 13:30:37,1997,2024
2024-02-05 20:13:55,1998,2024
2024-10-15 19:05:41,1999,2024
2024-02-07 16:00:53,2000,2024
2024-09-19 18:48:33,2001,2024
2024-08-12 14:35:17,2002,2024
2024-12-03 20:57:16,2003,2024
2024-01-03 16:50:02,2004,2024
2024-04-01 13:31:18,2005,2024
2024-08-19 18:37:43,2006,2024
2024-01-11 15:04:55,2007,2024
2024-03-11 13:31:20,2008,2024
2024-03-14 19:09:10,2009,2024
2024-02-26 18:11:54,2010,2024
2024-01-31 15:08:18,2011,2024
2024-01-24 14:44:41,2012,2024
2024-02-12 14:32:39,2013,2024
2024-04-17 13:12:37,2014,2024
2024-02-23 16:43:23,2015,2024
2024-05-02 10:03:50,2016,2024
2024-04-19 14:11:22,2017,2024
2024-08-02 14:41:43,2018,2024
2024-04-01 16:01:33,2019,2024
2024-05-29 13:55:16,2020,2024
2024-06-13 14:54:08,2021,2024
2024-06-26 15:09:12,2022,2024
2024-10-24 14:56:38,2023,2024
2024-04-17 19:33:27,2024,2024
2024-05-21 16:27:33,2025,2024
2024-10-08 14:29:25,2026,2024
2024-03-15 19:46:13,2027,2024
2024-03-19 16:47:01,2028,2024
2024-07-01 14:49:02,2029,2024
2024-05-08 13:52:22,2030,2024
2024-10-16 13:35:55,2031,2024
2024-04-17 19:31:36,2032,2024
2024-05-07 14:27:37,2033,2024
2024-05-20 14:25:19,2034,2024
2024-03-18 15:41:10,2035,2024
2024-04-22 07:00:07,2036,2024
2024-05-28 18:01:08,2037,2024
2024-06-13 14:54:29,2038,2024
2024-08-16 17:31:41,2039,2024
2024-09-03 17:59:12,2040,2024
2024-10-30 16:05:19,2041,2024
2024-04-17 19:31:11,2042,2024
2024-06-24 16:45:53,2043,2024
2024-07-17 14:30:23,2044,2024
2024-12-05 16:22:38,2045,2024
2024-05-22 14:28:06,2046,2024
2024-05-20 14:01:35,2047,2024
2024-08-02 14:41:01,2048,2024
2024-05-10 19:58:00,2049,2024
2024-05-22 13:47:45,2050,2024
2024-05-09 13:57:16,2051,2024
2024-09-06 14:22:13,2052,2024
2024-02-16 20:57:33,2053,2024
2024-05-28 18:02:09,2054,2024
2024-06-07 13:31:01,2055,2024
2024-07-24 13:53:33,2056,2024
2024-02-20 17:19:01,2057,2024
2024-05-01 14:02:01,2058,2024
2024-02-09 14:46:50,2059,2024
2024-03-08 20:51:03,2060,2024
2024-07-24 18:29:02,2061,2024
2024-07-24 19:33:36,2062,2024
2024-04-04 13:40:31,2063,2024
2024-07-17 12:42:23,2064,2024
2024-12-09 16:13:59,2065,2024
2024-04-09 15:12:22,2066,2024
2024-12-10 10:44:43,2067,2024
2024-02-26 14:50:34,2068,2024
2024-08-16 17:31:08,2069,2024
2024-08-02 14:49:26,2070,2024
2024-04-12 14:11:12,2071,2024
2024-10-08 14:28:43,2072,2024
2024-04-12 17:43:15,2073,2024
2024-04-09 15:13:55,2074,2024
2024-03-13 16:16:40,2075,2024
2024-04-05 13:58:47,2076,2024
2024-04-05 14:06:45,2077,2024
2024-03-06 14:37:34,2078,2024
2024-03-12 14:50:11,2079,2024
2024-02-27 15:19:56,2080,2024
2024-03-14 14:51:55,2081,2024
2024-03-08 20:45:02,2082,2024
2024-05-07 14:31:27,2083,2024
2024-03-07 15:39:25,2084,2024
2024-10-31 17:40:50,2085,2024
2024-03-14 19:37:12,2086,2024
2024-04-26 13:34:28,2087,2024
2024-04-09 15:14:21,2088,2024
2024-11-12 18:52:00,2089,2024
2024-10-16 15:09:59,2090,2024
2024-07-17 14:31:05,2091,2024
2024-03-04 15:03:47,2092,2024
2024-04-04 13:42:43,2093,2024
2024-04-05 14:03:56,2094,2024
2024-10-10 15:20:09,2095,2024
2024-03-11 14:28:20,2096,2024
2024-04-01 16:03:19,2097,2024
2024-02-27 15:14:21,2098,2024
2024-03-05 14:45:58,2099,2024
2024-03-08 08:17:27,2100,2024
2024-11-19 15:47:13,2101,2024
2024-03-05 19:35:25,2102,2024
2024-04-12 14:15:20,2103,2024
2024-04-05 14:09:29,2104,2024
2024-02-22 11:47:58,2105,2024
2024-06-14 14:19:30,2106,2024
2024-03-05 17:11:48,2107,2024
2024-03-19 14:36:08,2108,2024
2024-03-08 16:27:53,2109,2024
2024-06-12 15:22:02,2110,2024
2024-04-09 15:11:35,2111,2024
2024-01-22 14:38:09,2112,2024
2024-03-25 13:36:34,2113,2024
2024-02-09 14:30:18,2114,2024
2024-01-31 14:37:21,2115,2024
2024-02-23 14:30:15,2116,2024
2024-05-23 14:47:40,2117,2024
2024-02-26 17:09:04,2118,2024
2024-05-07 13:57:09,2119,2024
2024-04-25 13:30:17,2120,2024
2024-08-08 07:00:30,2121,2024
2024-04-04 14:02:10,2122,2024
2024-02-06 18:28:13,2123,2024
2024-06-06 13:53:14,2124,2024
2024-06-20 13:32:23,2125,2024
2024-07-09 14:31:22,2126,2024
2024-11-13 17:30:08,2127,2024
2024-07-24 18:25:41,2128,2024
2024-05-23 19:06:14,2129,2024
2024-10-22 13:44:42,2130,2024
2024-03-18 19:56:34,2131,2024
2024-03-20 15:54:00,2132,2024
2024-08-12 14:21:42,2133,2024
2024-05-17 14:08:27,2134,2024
2024-10-30 13:30:22,2135,2024
2024-04-24 15:01:44,2136,2024
2024-05-07 18:06:19,2137,2024
2024-05-21 16:52:11,2138,2024
2024-03-19 13:30:17,2139,2024
2024-04-24 14:15:11,2140,2024
2024-07-08 16:12:23,2141,2024
2024-06-28 19:58:53,2142,2024
2024-09-20 13:31:28,2143,2024
2024-10-15 14:23:10,2144,2024
2024-11-01 18:38:00,2145,2024
2024-04-24 15:59:42,2146,2024
2024-06-28 14:36:28,2147,2024
2024-07-24 19:33:19,2148,2024
2024-12-10 20:50:04,2149,2024
2024-10-16 15:10:09,2150,2024
2024-07-24 18:20:01,2151,2024
2024-08-08 07:00:29,2152,2024
2024-05-14 19:52:21,2153,2024
2024-06-12 13:31:48,2154,2024
2024-05-10 14:06:22,2155,2024
2024-09-27 14:47:17,2156,2024
2024-02-20 17:02:37,2157,2024
2024-07-24 19:14:02,2158,2024
2024-06-14 14:00:43,2159,2024
2024-08-07 13:40:08,2160,2024
2024-03-05 14:32:25,2161,2024
2024-05-07 13:30:15,2162,2024
2024-02-06 18:28:26,2163,2024
2024-02-09 16:35:58,2164,2024
2024-03-11 13:59:19,2165,2024
2024-08-07 13:40:01,2166,2024
2024-09-26 16:04:17,2167,2024
2024-04-04 18:28:11,2168,2024
2024-08-02 14:41:15,2169,2024
2024-12-10 09:53:05,2170,2024
2024-04-16 07:00:03,2171,2024
2024-02-06 18:28:34,2172,2024
2024-02-28 08:00:03,2173,2024
2024-09-27 17:39:56,2174,2024
2024-09-06 13:39:20,2175,2024
2024-04-17 13:32:17,2176,2024
2024-11-04 14:31:35,2177,2024
2024-04-17 16:24:06,2178,2024
2024-03-13 19:20:05,2179,2024
2024-04-09 14:19:09,2180,2024
2024-04-16 14:11:50,2181,2024
2024-03-06 14:51:24,2182,2024
2024-03-12 19:48:10,2183,2024
2024-03-14 16:08:24,2184,2024
2024-03-11 13:30:10,2185,2024
2024-05-08 12:35:11,2186,2024
2024-03-08 15:50:27,2187,2024
2024-11-08 15:38:41,2188,2024
2024-03-18 15:11:32,2189,2024
2024-04-26 16:00:24,2190,2024
2024-11-14 19:56:52,2191,2024
2024-10-21 09:30:17,2192,2024
2024-08-13 07:26:10,2193,2024
2024-03-04 16:34:38,2194,2024
2024-04-04 19:00:08,2195,2024
2024-04-12 13:54:30,2196,2024
2024-10-31 10:36:44,2197,2024
2024-03-12 13:37:48,2198,2024
2024-04-02 19:37:07,2199,2024
2024-03-01 20:58:02,2200,2024
2024-03-11 13:32:40,2201,2024
2024-03-08 16:09:55,2202,2024
2024-12-20 14:30:19,2203,2024
2024-03-06 14:32:29,2204,2024
2024-05-17 13:30:14,2205,2024
2024-04-09 14:53:18,2206,2024
2024-02-22 14:52:09,2207,2024
2024-06-18 14:05:28,2208,2024
2024-03-05 18:22:40,2209,2024
2024-04-04 14:05:45,2210,2024
2024-03-11 08:00:02,2211,2024
2024-08-01 14:30:42,2212,2024
2024-04-19 13:38:23,2213,2024
