date_id,symbol_id,transaction_type_id,geography_id,quantity
1,284,1,174.0,1605
2,284,2,174.0,1605
3,284,2,174.0,914
4,4,1,24.0,646
5,258,2,130.0,646
6,4,1,24.0,519
7,258,2,130.0,519
8,4,1,24.0,515
9,258,2,130.0,515
10,4,1,24.0,320
11,258,2,130.0,320
12,342,1,233.0,309
13,342,2,233.0,309
14,342,1,233.0,303
15,342,1,233.0,303
16,342,2,233.0,303
17,342,2,233.0,303
18,1581,1,234.0,287
19,1581,2,234.0,287
20,1581,1,234.0,255
21,1581,2,234.0,255
22,342,1,233.0,233
23,342,2,233.0,233
24,4,1,24.0,222
25,4,1,24.0,222
26,258,2,130.0,222
27,342,1,233.0,221
28,342,2,233.0,221
29,342,1,233.0,217
30,342,2,233.0,217
31,4,1,24.0,215
32,258,2,130.0,215
33,4,1,24.0,214
34,258,2,130.0,214
37,4,1,24.0,199
38,258,2,130.0,199
39,4,1,24.0,198
40,4,1,24.0,198
41,258,2,130.0,198
42,258,2,130.0,198
43,342,1,233.0,195
30,342,2,233.0,195
44,4,1,24.0,190
48,1581,1,234.0,177
49,1581,2,234.0,177
50,1581,1,234.0,155
51,1581,2,234.0,155
52,1581,1,234.0,147
53,1581,2,234.0,147
54,1581,1,234.0,146
55,1581,2,234.0,146
56,1581,1,234.0,144
57,1581,2,234.0,144
60,317,1,,135
61,265,1,143.0,135
62,317,2,,135
63,265,2,143.0,135
64,265,1,143.0,133
65,265,2,143.0,133
66,1581,1,234.0,132
67,1581,2,234.0,132
81,542,1,234.0,107
82,542,2,234.0,107
84,384,1,234.0,101
85,542,1,234.0,101
86,384,2,234.0,101
87,542,2,234.0,101
91,542,1,234.0,93
96,542,1,234.0,91
98,542,1,234.0,91
99,542,2,234.0,91
101,542,2,234.0,91
102,542,1,234.0,87
103,542,2,234.0,87
104,542,1,234.0,84
106,542,2,234.0,84
108,542,1,234.0,83
109,542,2,234.0,83
110,542,1,234.0,82
111,265,2,143.0,82
112,542,2,234.0,82
113,542,1,234.0,81
114,542,2,234.0,81
115,284,1,174.0,80
116,284,2,174.0,80
117,284,1,174.0,75
118,284,2,174.0,75
119,198,1,103.0,74
120,225,2,107.0,74
121,198,1,103.0,73
122,225,2,107.0,73
123,198,1,103.0,71
124,225,2,107.0,71
127,317,1,,68
128,317,2,,68
129,6,1,24.0,67
130,317,2,,67
131,542,1,234.0,63
132,542,2,234.0,63
133,47,1,31.0,62
134,542,1,234.0,62
135,47,2,31.0,62
136,542,2,234.0,62
137,542,1,234.0,61
138,542,2,234.0,61
139,1641,1,234.0,60
140,2887,1,234.0,60
141,47,1,31.0,60
142,1641,2,234.0,60
143,2887,2,234.0,60
120,47,2,31.0,60
144,47,1,31.0,58
145,54,1,241.0,58
146,542,1,234.0,58
147,1641,1,234.0,58
148,542,1,234.0,58
149,47,2,31.0,58
150,54,2,241.0,58
151,542,2,234.0,58
152,1641,2,234.0,58
153,542,2,234.0,58
158,542,1,234.0,56
159,542,1,234.0,56
160,47,1,31.0,56
161,542,1,234.0,56
164,542,2,234.0,56
165,542,2,234.0,56
166,47,2,31.0,56
167,542,2,234.0,56
168,542,1,234.0,55
170,542,1,234.0,55
171,47,1,31.0,55
172,542,2,234.0,55
174,542,2,234.0,55
175,47,2,31.0,55
176,47,1,31.0,54
177,47,2,31.0,54
179,138,1,41.0,53
181,138,2,41.0,53
182,47,1,31.0,52
183,542,1,234.0,52
184,138,1,41.0,52
185,47,2,31.0,52
186,542,2,234.0,52
187,198,1,103.0,51
188,225,2,107.0,51
189,198,1,103.0,50
190,198,1,103.0,50
192,198,1,103.0,50
193,225,2,107.0,50
194,225,2,107.0,50
196,225,2,107.0,50
197,198,1,103.0,49
199,225,2,107.0,49
202,6,1,24.0,48
203,198,1,103.0,48
205,317,2,,48
206,225,2,107.0,48
207,6,1,24.0,47
208,6,1,24.0,47
209,317,2,,47
210,317,2,,47
211,198,1,103.0,46
212,6,1,24.0,46
213,6,1,24.0,46
215,1641,1,234.0,46
216,225,2,107.0,46
217,317,2,,46
218,317,2,,46
220,6,1,24.0,45
222,6,1,24.0,45
223,6,1,24.0,45
224,138,1,41.0,45
225,51,1,31.0,45
228,138,1,41.0,45
229,317,2,,45
231,317,2,,45
232,317,2,,45
233,138,2,41.0,45
234,51,2,31.0,45
237,138,2,41.0,45
238,198,1,103.0,44
239,51,1,31.0,44
241,225,2,107.0,44
242,51,2,31.0,44
244,205,1,107.0,43
245,223,1,107.0,43
247,198,1,103.0,43
248,223,2,107.0,43
249,273,2,156.0,43
253,51,1,31.0,42
256,51,2,31.0,42
257,54,1,241.0,41
258,198,1,103.0,41
261,54,2,241.0,41
262,225,2,107.0,41
270,223,1,107.0,39
271,47,1,31.0,39
272,54,1,241.0,39
273,138,1,41.0,39
274,54,1,241.0,39
276,273,2,156.0,39
277,47,2,31.0,39
278,54,2,241.0,39
279,138,2,41.0,39
280,54,2,241.0,39
282,223,1,107.0,38
285,273,2,156.0,38
287,1641,1,234.0,37
288,223,1,107.0,37
289,223,1,107.0,37
290,223,1,107.0,37
291,223,1,107.0,37
292,1641,2,234.0,37
293,273,2,156.0,37
294,273,2,156.0,37
295,273,2,156.0,37
296,273,2,156.0,37
297,223,1,107.0,36
298,54,1,241.0,36
300,273,2,156.0,36
301,54,2,241.0,36
303,223,1,107.0,35
304,138,1,41.0,35
305,223,1,107.0,35
306,51,1,31.0,35
307,47,1,31.0,35
308,47,1,31.0,35
309,273,2,156.0,35
310,138,2,41.0,35
311,273,2,156.0,35
312,51,2,31.0,35
313,47,2,31.0,35
314,47,2,31.0,35
316,54,1,241.0,34
317,138,1,41.0,34
318,51,1,31.0,34
319,51,1,31.0,34
321,54,2,241.0,34
322,138,2,41.0,34
323,51,2,31.0,34
324,51,2,31.0,34
325,138,1,41.0,33
326,51,1,31.0,33
328,542,1,234.0,33
329,223,1,107.0,33
330,138,2,41.0,33
331,51,2,31.0,33
333,542,2,234.0,33
334,276,2,156.0,33
336,54,1,241.0,32
338,54,2,241.0,32
339,51,1,31.0,31
340,51,2,31.0,31
341,219,1,107.0,30
342,6,1,24.0,30
343,223,1,107.0,30
344,285,1,174.0,30
347,215,2,107.0,30
348,6,2,24.0,30
349,276,2,156.0,30
350,285,2,174.0,30
352,315,1,215.0,29
354,51,1,31.0,29
355,315,2,215.0,29
357,51,2,31.0,29
358,2257,1,234.0,28
360,138,1,41.0,28
361,219,1,107.0,28
363,2257,2,234.0,28
365,138,2,41.0,28
368,40,1,31.0,27
369,51,1,31.0,27
370,223,1,107.0,27
371,223,1,107.0,27
372,532,1,234.0,27
374,223,1,107.0,27
376,40,2,31.0,27
377,51,2,31.0,27
378,276,2,156.0,27
379,276,2,156.0,27
381,276,2,156.0,27
384,205,1,107.0,26
388,223,1,107.0,26
392,276,2,156.0,26
396,276,2,156.0,26
398,198,1,103.0,25
400,205,1,107.0,25
402,1665,1,234.0,25
404,40,1,31.0,25
405,225,2,107.0,25
407,276,2,156.0,25
409,1665,2,234.0,25
411,40,2,31.0,25
412,205,1,107.0,24
413,6,1,24.0,24
414,205,1,107.0,24
415,532,1,234.0,24
416,1665,1,234.0,24
417,40,1,31.0,24
418,1665,1,234.0,24
419,51,1,31.0,24
420,205,1,107.0,24
421,205,1,107.0,24
422,223,2,107.0,24
423,317,2,,24
424,276,2,156.0,24
425,532,2,234.0,24
426,1665,2,234.0,24
427,40,2,31.0,24
428,1665,2,234.0,24
429,51,2,31.0,24
430,276,2,156.0,24
431,276,2,156.0,24
433,51,1,31.0,23
434,174,1,45.0,23
436,174,1,45.0,23
437,205,1,107.0,23
440,51,1,31.0,23
443,51,2,31.0,23
444,145,2,45.0,23
446,145,2,45.0,23
447,276,2,156.0,23
450,51,2,31.0,23
454,40,1,31.0,22
455,51,1,31.0,22
456,532,1,234.0,22
457,51,1,31.0,22
458,73,1,40.0,22
460,532,1,234.0,22
461,205,1,107.0,22
462,1665,1,234.0,22
464,532,1,234.0,22
465,1665,1,234.0,22
466,40,1,31.0,22
467,532,1,234.0,22
468,1665,1,234.0,22
469,51,1,31.0,22
470,226,1,107.0,22
474,40,2,31.0,22
475,51,2,31.0,22
476,532,2,234.0,22
477,51,2,31.0,22
478,73,2,40.0,22
480,532,2,234.0,22
481,276,2,156.0,22
482,1665,2,234.0,22
484,532,2,234.0,22
485,1665,2,234.0,22
486,40,2,31.0,22
487,532,2,234.0,22
488,1665,2,234.0,22
489,51,2,31.0,22
490,226,2,107.0,22
492,51,1,31.0,21
493,1665,1,234.0,21
498,40,1,31.0,21
499,532,1,234.0,21
500,532,1,234.0,21
501,532,1,234.0,21
502,205,1,107.0,21
503,51,2,31.0,21
504,1665,2,234.0,21
509,40,2,31.0,21
510,532,2,234.0,21
511,532,2,234.0,21
512,532,2,234.0,21
513,276,2,156.0,21
514,40,1,31.0,20
515,1665,1,234.0,20
516,73,1,40.0,20
517,1665,1,234.0,20
518,1665,1,234.0,20
519,51,1,31.0,20
520,40,1,31.0,20
521,1665,1,234.0,20
522,226,1,107.0,20
523,532,1,234.0,20
524,174,1,45.0,20
525,315,1,215.0,20
526,1665,2,234.0,20
527,73,2,40.0,20
528,1665,2,234.0,20
529,1665,2,234.0,20
530,51,2,31.0,20
531,40,2,31.0,20
532,1665,2,234.0,20
533,226,2,107.0,20
534,532,2,234.0,20
535,149,2,45.0,20
536,315,2,215.0,20
537,2478,1,234.0,19
538,40,1,31.0,19
540,205,1,107.0,19
541,205,1,107.0,19
542,1665,1,234.0,19
544,995,1,234.0,19
545,205,1,107.0,19
547,2478,2,234.0,19
548,40,2,31.0,19
550,276,2,156.0,19
551,276,2,156.0,19
552,1665,2,234.0,19
554,995,2,234.0,19
555,276,2,156.0,19
557,152,1,45.0,18
558,152,1,45.0,18
559,51,1,31.0,18
560,40,1,31.0,18
561,51,1,31.0,18
563,2478,1,234.0,18
564,51,1,31.0,18
565,40,1,31.0,18
566,701,1,234.0,18
567,205,1,107.0,18
569,149,2,45.0,18
570,149,2,45.0,18
571,51,2,31.0,18
572,40,2,31.0,18
573,51,2,31.0,18
575,2478,2,234.0,18
576,51,2,31.0,18
572,40,2,31.0,18
577,701,2,234.0,18
578,276,2,156.0,18
579,1665,1,234.0,17
581,219,1,107.0,17
582,1665,1,234.0,17
585,3083,1,234.0,17
586,190,1,86.0,17
587,190,1,86.0,17
589,1665,1,234.0,17
590,205,1,107.0,17
591,40,1,31.0,17
593,1665,2,234.0,17
595,215,2,107.0,17
596,1665,2,234.0,17
599,3083,2,234.0,17
600,190,2,86.0,17
602,1665,2,234.0,17
603,276,2,156.0,17
604,40,2,31.0,17
606,40,1,31.0,16
607,2478,1,234.0,16
609,138,1,41.0,16
610,138,1,41.0,16
611,9,1,24.0,16
612,40,1,31.0,16
613,1665,1,234.0,16
614,51,1,31.0,16
615,9,1,24.0,16
616,3083,1,234.0,16
617,1665,1,234.0,16
618,1665,1,234.0,16
619,40,2,31.0,16
620,2478,2,234.0,16
622,138,2,41.0,16
622,138,2,41.0,16
623,9,2,24.0,16
624,40,2,31.0,16
625,1665,2,234.0,16
626,532,2,234.0,16
627,51,2,31.0,16
628,9,2,24.0,16
629,3083,2,234.0,16
630,1665,2,234.0,16
631,1665,2,234.0,16
632,138,1,41.0,15
633,51,1,31.0,15
634,219,1,107.0,15
635,40,1,31.0,15
636,51,1,31.0,15
637,51,1,31.0,15
638,51,1,31.0,15
639,51,1,31.0,15
640,51,1,31.0,15
641,40,1,31.0,15
643,9,1,24.0,15
644,138,2,41.0,15
645,9,2,24.0,15
646,51,2,31.0,15
647,40,2,31.0,15
648,51,2,31.0,15
649,51,2,31.0,15
650,51,2,31.0,15
651,51,2,31.0,15
652,51,2,31.0,15
653,40,2,31.0,15
655,9,2,24.0,15
656,51,1,31.0,14
658,51,1,31.0,14
659,701,1,234.0,14
660,152,1,45.0,14
661,51,2,31.0,14
663,51,2,31.0,14
664,701,2,234.0,14
665,149,2,45.0,14
666,2814,1,234.0,13
667,40,1,31.0,13
669,2814,1,234.0,13
670,51,1,31.0,13
672,51,1,31.0,13
673,51,1,31.0,13
674,51,1,31.0,13
675,40,1,31.0,13
676,40,1,31.0,13
677,51,1,31.0,13
678,2814,2,234.0,13
679,40,2,31.0,13
681,2814,2,234.0,13
682,51,2,31.0,13
684,51,2,31.0,13
685,51,2,31.0,13
561,51,2,31.0,13
653,40,2,31.0,13
686,40,2,31.0,13
687,51,2,31.0,13
688,51,1,31.0,12
689,532,1,234.0,12
690,532,1,234.0,12
691,40,1,31.0,12
692,2478,1,234.0,12
693,51,2,31.0,12
694,532,2,234.0,12
695,532,2,234.0,12
696,40,2,31.0,12
697,2478,2,234.0,12
698,1449,1,234.0,11
699,205,1,107.0,11
700,2478,1,234.0,11
701,152,1,45.0,11
702,325,1,233.0,11
703,2478,1,234.0,11
704,161,1,45.0,11
705,1449,1,234.0,11
706,51,1,31.0,11
708,532,1,234.0,11
709,1449,2,234.0,11
710,276,2,156.0,11
711,2478,2,234.0,11
712,149,2,45.0,11
713,325,2,233.0,11
714,2478,2,234.0,11
715,161,2,45.0,11
716,1449,2,234.0,11
717,51,2,31.0,11
719,532,2,234.0,11
720,2478,1,234.0,10
721,152,1,45.0,10
722,503,1,234.0,10
723,995,1,234.0,10
724,325,1,233.0,10
725,2478,1,234.0,10
726,2478,1,234.0,10
727,2478,1,234.0,10
728,2478,1,234.0,10
729,152,1,45.0,10
730,152,1,45.0,10
731,532,1,234.0,10
732,2478,2,234.0,10
733,149,2,45.0,10
734,73,2,40.0,10
735,503,2,234.0,10
736,995,2,234.0,10
737,325,2,233.0,10
738,2478,2,234.0,10
739,2478,2,234.0,10
740,2478,2,234.0,10
741,2478,2,234.0,10
742,532,2,234.0,10
743,149,2,45.0,10
744,149,2,45.0,10
745,532,2,234.0,10
746,2478,1,234.0,9
747,321,1,,9
748,3165,1,234.0,9
749,2478,1,234.0,9
750,2093,1,234.0,9
751,321,1,,9
752,2935,1,234.0,9
753,3165,1,234.0,9
754,325,1,233.0,9
755,51,1,31.0,9
756,2478,1,234.0,9
757,503,1,234.0,9
758,3165,1,234.0,9
759,2478,2,234.0,9
760,321,2,,9
761,3165,2,234.0,9
762,2478,2,234.0,9
763,2093,2,234.0,9
764,321,2,,9
765,2935,2,234.0,9
766,3165,2,234.0,9
767,325,2,233.0,9
768,51,2,31.0,9
769,2478,2,234.0,9
770,503,2,234.0,9
771,3165,2,234.0,9
772,321,1,,8
773,325,1,233.0,8
774,325,1,233.0,8
775,2093,1,234.0,8
776,325,1,233.0,8
777,325,1,233.0,8
778,325,1,233.0,8
779,1466,1,234.0,8
780,3083,1,234.0,8
781,2478,1,234.0,8
782,2478,1,234.0,8
783,321,1,,8
784,478,1,234.0,8
785,321,1,,8
786,532,1,234.0,8
787,325,1,233.0,8
788,3165,1,234.0,8
789,478,1,234.0,8
790,321,2,,8
791,325,2,233.0,8
792,325,2,233.0,8
793,2093,2,234.0,8
794,325,2,233.0,8
795,325,2,233.0,8
796,325,2,233.0,8
797,1466,2,234.0,8
798,3083,2,234.0,8
799,2478,2,234.0,8
800,2478,2,234.0,8
801,321,2,,8
802,478,2,234.0,8
803,321,2,,8
804,532,2,234.0,8
805,325,2,233.0,8
806,3165,2,234.0,8
807,478,2,234.0,8
808,325,1,233.0,7
809,325,1,233.0,7
810,2478,1,234.0,7
811,532,1,234.0,7
812,325,1,233.0,7
813,478,1,234.0,7
814,321,1,,7
815,325,1,233.0,7
816,321,1,,7
817,1466,1,234.0,7
818,1466,1,234.0,7
819,478,1,234.0,7
820,321,1,,7
821,503,1,234.0,7
822,330,1,233.0,7
823,2478,1,234.0,7
824,325,1,233.0,7
825,321,1,,7
826,2478,1,234.0,7
827,478,1,234.0,7
828,1466,1,234.0,7
829,321,1,,7
830,321,1,,7
831,503,1,234.0,7
832,478,1,234.0,7
833,330,1,233.0,7
834,330,1,233.0,7
835,478,1,234.0,7
836,1466,1,234.0,7
837,3165,1,234.0,7
838,503,1,234.0,7
839,330,1,233.0,7
840,325,1,233.0,7
841,1466,1,234.0,7
842,325,1,233.0,7
843,325,1,233.0,7
844,3165,1,234.0,7
845,325,1,233.0,7
846,325,1,233.0,7
847,330,1,233.0,7
848,321,1,,7
849,2478,1,234.0,7
850,325,1,233.0,233
851,321,1,,222
852,325,1,233.0,222
853,1466,1,234.0,222
854,271,1,146.0,221
855,325,1,233.0,221
856,325,1,233.0,217
857,325,1,233.0,217
858,325,1,233.0,215
859,325,1,233.0,215
860,325,1,233.0,214
861,321,1,,214
862,503,1,234.0,202
863,325,2,233.0,202
864,325,2,233.0,199
865,2478,2,234.0,199
866,532,2,234.0,198
867,325,2,233.0,198
868,478,2,234.0,198
869,321,2,,198
870,325,2,233.0,195
871,321,2,,195
872,1466,2,234.0,190
873,1466,2,234.0,185
874,478,2,234.0,185
875,321,2,,185
876,503,2,234.0,177
877,333,2,233.0,177
878,1466,2,234.0,155
879,2478,2,234.0,155
880,325,2,233.0,147
881,321,2,,147
882,2478,2,234.0,146
883,478,2,234.0,146
884,1466,2,234.0,144
885,321,2,,144
886,321,2,,136
887,503,2,234.0,136
888,478,2,234.0,135
889,333,2,233.0,135
890,333,2,233.0,135
891,478,2,234.0,135
892,1466,2,234.0,133
893,3165,2,234.0,133
894,503,2,234.0,132
895,337,2,233.0,132
896,325,2,233.0,129
897,325,2,233.0,129
898,1466,2,234.0,129
899,325,2,233.0,129
900,3165,2,234.0,128
901,325,2,233.0,128
902,325,2,233.0,125
903,321,2,,123
904,2478,2,234.0,123
905,325,2,233.0,122
906,321,2,,122
907,325,2,233.0,115
908,1466,2,234.0,115
909,271,2,146.0,107
910,97,2,40.0,107
911,325,2,233.0,103
912,325,2,233.0,101
913,325,2,233.0,101
914,325,2,233.0,101
915,325,2,233.0,101
916,325,2,233.0,96
917,321,2,,96
918,503,2,234.0,93
919,344,1,233.0,93
920,3165,1,234.0,93
921,2672,1,234.0,92
922,341,1,233.0,92
923,341,1,233.0,92
924,161,1,45.0,91
925,478,1,234.0,91
926,161,1,45.0,91
927,161,1,45.0,91
928,161,1,45.0,91
929,341,1,233.0,91
930,3165,1,234.0,87
931,2672,1,234.0,87
932,2903,1,234.0,84
933,503,1,234.0,84
934,2672,1,234.0,84
935,503,1,234.0,84
936,1466,1,234.0,83
937,214,1,107.0,83
938,247,1,109.0,82
939,503,1,234.0,82
940,2672,1,234.0,82
941,330,1,233.0,81
942,330,1,233.0,81
943,1466,1,234.0,80
944,353,1,234.0,80
945,325,1,233.0,75
946,353,1,234.0,75
947,1466,1,234.0,74
948,1466,1,234.0,74
949,353,1,234.0,73
950,478,1,234.0,73
951,321,1,,71
952,532,1,234.0,71
953,321,1,,69
954,478,1,234.0,69
955,532,1,234.0,68
956,2707,1,234.0,68
957,330,1,233.0,67
958,1466,1,234.0,67
959,532,1,234.0,63
960,321,1,,63
961,325,1,233.0,62
962,2672,1,234.0,62
963,1466,1,234.0,62
964,1466,1,234.0,62
965,337,2,233.0,61
966,3165,2,234.0,61
967,503,2,234.0,60
968,2672,2,234.0,60
969,333,2,233.0,60
970,333,2,233.0,60
971,161,2,45.0,60
972,478,2,234.0,60
973,161,2,45.0,58
974,161,2,45.0,58
975,161,2,45.0,58
976,333,2,233.0,58
977,3165,2,234.0,58
978,2672,2,234.0,58
979,2903,2,234.0,58
980,503,2,234.0,58
981,2672,2,234.0,58
982,503,2,234.0,58
983,1466,2,234.0,57
984,247,2,109.0,57
985,503,2,234.0,56
986,2672,2,234.0,56
987,333,2,233.0,56
988,333,2,233.0,56
989,1466,2,234.0,56
990,353,2,234.0,56
991,325,2,233.0,56
992,353,2,234.0,56
993,1466,2,234.0,56
994,1466,2,234.0,56
995,353,2,234.0,56
996,478,2,234.0,56
997,321,2,,55
593,532,2,234.0,55
998,321,2,,55
999,478,2,234.0,55
1000,532,2,234.0,55
1001,2707,2,234.0,55
1002,333,2,233.0,55
1003,1466,2,234.0,55
1004,532,2,234.0,54
1005,321,2,,54
1006,325,2,233.0,53
1007,2672,2,234.0,53
1008,1466,2,234.0,53
1009,1466,2,234.0,53
1010,325,1,233.0,52
1011,353,1,234.0,52
1012,321,1,,52
1013,2903,1,234.0,52
1014,503,1,234.0,52
1015,478,1,234.0,51
1016,1732,1,234.0,51
1017,478,1,234.0,50
1018,478,1,234.0,50
1019,214,1,107.0,50
1020,478,1,234.0,50
1021,325,1,233.0,50
1022,1081,1,234.0,50
1023,1732,1,234.0,50
1024,353,1,234.0,50
1025,283,1,171.0,49
1026,161,1,45.0,49
1027,1732,1,234.0,49
1028,2903,1,234.0,49
1029,1732,1,234.0,48
1030,321,1,,48
1031,2903,1,234.0,48
1032,1732,1,234.0,48
1033,1732,1,234.0,48
1034,325,1,233.0,48
1035,321,1,,47
1036,2903,1,234.0,47
1037,353,1,234.0,47
1038,478,1,234.0,47
1039,2903,1,234.0,46
1040,1466,1,234.0,46
1041,478,1,234.0,46
1042,353,1,234.0,46
1043,321,1,,46
1044,478,1,234.0,46
1045,161,1,45.0,46
1046,353,1,234.0,46
1047,503,1,234.0,46
1048,478,1,234.0,45
1049,2903,1,234.0,45
1050,1099,1,234.0,45
1051,321,1,,45
1052,478,1,234.0,45
1053,161,1,45.0,45
1054,1466,1,234.0,45
1055,161,1,45.0,45
1056,353,1,234.0,45
1057,478,1,234.0,45
1058,478,1,234.0,45
1059,478,1,234.0,45
1060,2903,1,234.0,45
1061,353,1,234.0,45
1062,325,1,233.0,45
1063,503,1,234.0,45
1064,321,1,,45
1065,478,1,234.0,45
1066,478,1,234.0,44
1067,353,1,234.0,44
1068,161,1,45.0,44
1069,214,1,107.0,44
1070,2903,1,234.0,44
1071,353,1,234.0,44
1072,503,1,234.0,43
1073,1466,1,234.0,43
1074,161,1,45.0,43
1075,325,2,233.0,43
1076,353,2,234.0,43
1077,353,2,234.0,43
1078,321,2,,43
1079,2903,2,234.0,42
1080,503,2,234.0,42
1081,478,2,234.0,42
649,1732,2,234.0,42
1082,478,2,234.0,42
1083,478,2,234.0,42
1084,209,2,107.0,41
1085,478,2,234.0,41
1086,325,2,233.0,41
1087,1081,2,234.0,41
1088,1732,2,234.0,41
1089,353,2,234.0,41
1090,283,2,171.0,41
1091,161,2,45.0,41
1092,2606,2,234.0,40
1093,1732,2,234.0,40
1094,2903,2,234.0,40
1095,1732,2,234.0,40
1096,321,2,,39
1097,2903,2,234.0,39
1098,1732,2,234.0,39
1099,1732,2,234.0,39
1100,325,2,233.0,39
1101,321,2,,39
1102,2903,2,234.0,39
1103,353,2,234.0,39
1104,478,2,234.0,39
1105,1055,2,234.0,39
1106,2903,2,234.0,39
1107,1466,2,234.0,39
1108,478,2,234.0,38
1109,353,2,234.0,38
1110,321,2,,38
1111,478,2,234.0,38
1112,161,2,45.0,38
1113,353,2,234.0,38
1114,503,2,234.0,37
1115,478,2,234.0,37
1116,2903,2,234.0,37
1117,1099,2,234.0,37
1118,321,2,,37
1119,478,2,234.0,37
1120,161,2,45.0,37
1121,1466,2,234.0,37
1122,161,2,45.0,37
1123,353,2,234.0,37
1124,478,2,234.0,36
1125,478,2,234.0,36
1126,478,2,234.0,36
1127,2903,2,234.0,36
1128,353,2,234.0,36
1129,325,2,233.0,36
1130,503,2,234.0,35
1131,321,2,,35
1132,478,2,234.0,35
1133,478,2,234.0,35
1134,353,2,234.0,35
1135,161,2,45.0,35
1136,209,2,107.0,35
1137,2903,2,234.0,35
1138,353,2,234.0,35
1139,503,2,234.0,35
1140,1466,2,234.0,35
1141,161,2,45.0,35
1142,344,1,233.0,34
1143,1732,1,234.0,34
1144,325,1,233.0,34
1145,503,1,234.0,34
1146,214,1,107.0,34
1147,325,1,233.0,34
1148,214,1,107.0,34
1149,341,1,233.0,34
1150,161,1,45.0,34
1151,478,1,234.0,34
1152,503,1,234.0,33
1153,341,1,233.0,33
535,325,1,233.0,33
1154,2903,1,234.0,33
1155,2903,1,234.0,33
1157,321,1,,33
1158,321,1,,33
1159,628,1,234.0,33
1160,214,1,107.0,33
1161,214,1,107.0,32
1162,503,1,234.0,32
1163,2903,1,234.0,32
1164,325,1,233.0,32
1165,503,1,234.0,31
1166,478,1,234.0,31
1167,325,1,233.0,30
1168,478,1,234.0,30
1169,478,1,234.0,30
1170,325,1,233.0,30
1171,2903,1,234.0,30
1172,1732,1,234.0,30
1173,1099,1,234.0,30
1174,478,1,234.0,30
1175,478,1,234.0,30
1176,1466,1,234.0,30
1177,478,1,234.0,30
1178,161,1,45.0,29
1179,503,1,234.0,29
1180,478,1,234.0,29
1181,478,1,234.0,29
1182,1466,1,234.0,29
1183,478,1,234.0,29
1184,321,1,,28
1185,214,1,107.0,28
1186,2903,1,234.0,28
1187,325,1,233.0,28
1188,337,2,233.0,28
1189,1732,2,234.0,28
1190,325,2,233.0,28
1191,503,2,234.0,28
1192,209,2,107.0,28
1193,325,2,233.0,27
1194,209,2,107.0,27
1195,333,2,233.0,27
1196,161,2,45.0,27
1197,503,2,234.0,27
1198,333,2,233.0,27
1199,325,2,233.0,27
1200,2903,2,234.0,27
1201,2903,2,234.0,27
1203,321,2,,27
1204,321,2,,27
1205,628,2,234.0,27
1206,209,2,107.0,27
1207,209,2,107.0,27
1208,503,2,234.0,26
1209,2903,2,234.0,26
1210,325,2,233.0,26
1211,503,2,234.0,26
649,478,2,234.0,26
1212,325,2,233.0,26
1213,478,2,234.0,26
1214,478,2,234.0,26
1215,325,2,233.0,26
1216,2903,2,234.0,26
1217,1732,2,234.0,26
1218,1099,2,234.0,26
1219,478,2,234.0,26
1220,478,2,234.0,26
1221,1466,2,234.0,26
1222,478,2,234.0,26
1223,161,2,45.0,25
1224,503,2,234.0,25
1225,478,2,234.0,25
1226,209,2,107.0,25
1139,478,2,234.0,25
1227,1466,2,234.0,25
1228,478,2,234.0,25
1229,321,2,,25
1230,209,2,107.0,25
1231,2903,2,234.0,25
1232,325,2,233.0,25
1233,1466,1,234.0,25
1234,310,1,215.0,25
1235,2039,1,234.0,25
1236,325,1,233.0,24
1237,478,1,234.0,24
1238,325,1,233.0,24
1239,314,1,215.0,24
1240,478,1,234.0,24
1241,321,1,,24
1242,478,1,234.0,233
1243,214,1,107.0,222
1244,2039,1,234.0,222
1245,314,1,215.0,222
1247,2039,1,234.0,221
1248,3165,1,234.0,217
1249,314,1,215.0,217
1250,503,1,234.0,215
1251,314,1,215.0,215
1252,214,1,107.0,214
1253,214,1,107.0,214
1254,314,1,215.0,202
1255,314,1,215.0,202
1256,314,1,215.0,199
1257,314,1,215.0,199
1258,325,1,233.0,198
1259,305,1,215.0,198
1260,80,1,40.0,198
1261,478,1,234.0,198
1262,478,1,234.0,195
1263,478,1,234.0,195
1264,321,1,,190
1265,478,1,234.0,185
1266,118,1,40.0,185
1267,321,1,,185
1268,325,1,233.0,177
1269,1081,1,234.0,177
1270,305,1,215.0,155
1271,161,1,45.0,155
1272,305,1,215.0,147
1273,305,1,215.0,147
1274,305,1,215.0,146
1275,305,1,215.0,146
1276,478,1,234.0,144
1277,305,1,215.0,144
1278,478,1,234.0,136
1279,2093,1,234.0,136
1280,984,1,234.0,135
1281,325,1,233.0,135
1282,478,1,234.0,135
1283,321,1,,135
1284,1081,1,234.0,133
1285,984,1,234.0,133
1286,478,1,234.0,132
1287,2039,1,234.0,132
1288,1413,1,234.0,129
1289,1466,1,234.0,129
1290,341,1,233.0,129
1291,263,1,130.0,129
1292,435,1,234.0,128
1293,341,1,233.0,128
1294,478,1,234.0,125
1295,161,1,45.0,123
1296,325,1,233.0,123
1297,118,1,40.0,122
1298,325,1,233.0,122
1299,341,1,233.0,115
1301,325,1,233.0,107
1302,161,1,45.0,107
1303,341,1,233.0,103
1305,2903,1,234.0,101
1306,325,1,233.0,101
1308,305,2,215.0,96
1309,2039,2,234.0,96
1310,325,2,233.0,93
1311,478,2,234.0,93
1312,325,2,233.0,93
1313,312,2,215.0,92
1314,478,2,234.0,92
1315,321,2,,92
1316,478,2,234.0,91
1317,209,2,107.0,91
1318,2039,2,234.0,91
1319,312,2,215.0,91
1321,2039,2,234.0,91
1322,3165,2,234.0,87
1323,312,2,215.0,87
1324,503,2,234.0,84
1325,312,2,215.0,84
1326,209,2,107.0,84
1328,209,2,107.0,83
1329,312,2,215.0,83
1330,312,2,215.0,82
1331,312,2,215.0,82
1332,312,2,215.0,82
1333,325,2,233.0,81
379,312,2,215.0,81
1334,80,2,40.0,80
1335,478,2,234.0,80
1336,478,2,234.0,75
1337,478,2,234.0,75
1338,321,2,,74
1339,478,2,234.0,74
1340,118,2,40.0,73
1341,321,2,,73
1342,325,2,233.0,71
1343,1081,2,234.0,71
1344,312,2,215.0,69
1345,161,2,45.0,69
1346,312,2,215.0,68
1347,312,2,215.0,68
1348,312,2,215.0,67
1349,312,2,215.0,67
1350,478,2,234.0,63
1351,312,2,215.0,63
1352,478,2,234.0,62
1353,2093,2,234.0,62
1354,984,2,234.0,62
1355,325,2,233.0,62
1356,478,2,234.0,61
1357,321,2,,61
1358,1081,2,234.0,60
1359,984,2,234.0,60
1360,478,2,234.0,60
1361,2039,2,234.0,60
1362,1413,2,234.0,60
1363,1466,2,234.0,60
1364,333,2,233.0,58
1365,263,2,130.0,58
1366,435,2,234.0,58
1367,333,2,233.0,58
1368,478,2,234.0,58
1369,161,2,45.0,58
1370,325,2,233.0,58
1371,325,2,233.0,58
1372,333,2,233.0,58
1374,325,2,233.0,57
1375,161,2,45.0,57
1376,333,2,233.0,56
1378,2903,2,234.0,56
1379,325,2,233.0,56
1381,310,1,215.0,56
1382,628,1,234.0,56
1383,2039,1,234.0,56
1384,80,1,40.0,56
1385,263,1,130.0,56
1386,344,1,233.0,56
1387,150,1,45.0,56
1388,263,1,130.0,55
1389,2903,1,234.0,55
1390,150,1,45.0,55
1391,150,1,45.0,55
1392,341,1,233.0,55
1393,150,1,45.0,55
1394,150,1,45.0,55
1395,150,1,45.0,55
1396,150,1,45.0,54
1397,341,1,233.0,54
1398,1916,1,234.0,53
1399,150,1,45.0,53
1400,353,1,234.0,53
1401,150,1,45.0,53
1402,150,1,45.0,52
1403,80,1,40.0,52
1404,185,1,83.0,52
1405,1916,1,234.0,52
1406,263,1,130.0,52
1407,1916,1,234.0,51
1408,80,1,40.0,51
1409,1916,1,234.0,50
1410,1081,1,234.0,50
1411,1916,1,234.0,50
1412,2039,1,234.0,50
1413,310,1,215.0,50
1414,1964,1,234.0,50
1415,341,1,233.0,50
1416,310,1,215.0,50
1417,341,1,233.0,49
1418,341,1,233.0,49
1419,310,1,215.0,49
1420,161,1,45.0,49
1421,353,1,234.0,48
1422,310,1,215.0,48
1423,310,1,215.0,48
1424,2039,1,234.0,48
1425,2503,1,234.0,48
1426,80,1,40.0,48
1427,310,1,215.0,47
1428,2503,1,234.0,47
1429,2039,1,234.0,47
1430,310,1,215.0,47
1431,263,1,130.0,46
1432,2998,1,234.0,46
1433,2039,1,234.0,46
1434,2503,1,234.0,46
1435,2039,1,234.0,46
1436,80,1,40.0,46
1437,1732,1,234.0,46
1438,80,1,40.0,46
1439,321,1,,46
1440,314,1,215.0,45
1441,2039,1,234.0,45
1442,1732,1,234.0,45
1443,80,1,40.0,45
1444,321,1,,45
1445,314,1,215.0,45
1447,314,1,215.0,45
1448,2039,1,234.0,45
1449,263,1,130.0,45
1450,321,1,,45
1451,150,1,45.0,45
1452,2039,1,234.0,45
1453,503,1,234.0,45
1454,150,1,45.0,45
1455,314,1,215.0,45
1457,321,1,,45
1458,984,1,234.0,44
1459,263,1,130.0,44
1460,321,1,,44
1461,2998,1,234.0,44
1462,150,1,45.0,44
1463,150,1,45.0,44
1464,503,1,234.0,43
1465,1964,1,234.0,43
1466,150,1,45.0,43
1467,150,1,45.0,43
1468,150,1,45.0,43
1469,172,1,45.0,43
1470,353,1,234.0,43
1471,118,1,40.0,42
1472,2998,1,234.0,42
1473,172,1,45.0,42
1474,2998,1,234.0,42
1475,503,1,234.0,42
1476,1466,1,234.0,42
1478,172,1,45.0,41
1479,1466,1,234.0,41
1480,321,1,,41
1481,478,1,234.0,41
1482,321,1,,41
1483,435,1,234.0,41
1484,321,1,,41
1485,478,1,234.0,40
1486,305,2,215.0,40
1487,628,2,234.0,40
1488,2039,2,234.0,40
1489,80,2,40.0,39
1490,263,2,130.0,39
1491,337,2,233.0,39
1492,172,2,45.0,39
1493,247,2,109.0,39
1494,263,2,130.0,39
1495,2039,2,234.0,39
1496,2903,2,234.0,39
1497,172,2,45.0,39
1498,172,2,45.0,39
1499,337,2,233.0,39
1500,1964,2,234.0,39
1501,172,2,45.0,38
1502,172,2,45.0,38
1503,172,2,45.0,38
1504,337,2,233.0,38
1505,1916,2,234.0,38
1506,172,2,45.0,38
1507,172,2,45.0,37
1508,172,2,45.0,37
1509,80,2,40.0,37
1510,186,2,83.0,37
597,1916,2,234.0,37
1511,263,2,130.0,37
1512,1916,2,234.0,37
1513,1916,2,234.0,37
1514,1081,2,234.0,37
1515,1916,2,234.0,37
1516,2039,2,234.0,36
1517,313,2,215.0,36
1518,1964,2,234.0,36
976,337,2,233.0,36
1519,313,2,215.0,36
1520,333,2,233.0,36
1521,333,2,233.0,35
1522,313,2,215.0,35
971,161,2,45.0,35
1523,353,2,234.0,35
1524,313,2,215.0,35
1525,313,2,215.0,35
1526,2039,2,234.0,35
1527,2503,2,234.0,35
1105,1055,2,234.0,35
1528,2093,2,234.0,35
1529,80,2,40.0,35
1530,313,2,215.0,35
1531,2503,2,234.0,34
1532,2039,2,234.0,34
1533,313,2,215.0,34
1534,263,2,130.0,34
1535,2039,2,234.0,34
1536,2503,2,234.0,34
1537,2039,2,234.0,34
1538,80,2,40.0,34
1539,1732,2,234.0,34
1540,80,2,40.0,34
1541,321,2,,33
1542,313,2,215.0,33
1543,2039,2,234.0,33
1544,1732,2,234.0,33
1545,80,2,40.0,33
1546,321,2,,33
1547,313,2,215.0,33
1549,313,2,215.0,33
1550,2039,2,234.0,33
1551,263,2,130.0,32
1552,172,2,45.0,32
1553,80,2,40.0,32
1554,2039,2,234.0,32
1555,503,2,234.0,31
1556,172,2,45.0,31
1557,313,2,215.0,30
1559,321,2,,30
1560,984,2,234.0,30
1561,263,2,130.0,30
1562,321,2,,30
1563,2998,2,234.0,30
1564,172,2,45.0,30
1565,172,2,45.0,30
1566,503,2,234.0,30
1567,1964,2,234.0,30
1568,172,2,45.0,29
1569,172,2,45.0,29
1570,172,2,45.0,29
1571,172,2,45.0,29
1572,353,2,234.0,29
1573,118,2,40.0,29
1574,2998,2,234.0,28
1575,172,2,45.0,28
1576,2998,2,234.0,28
1577,503,2,234.0,28
1578,118,2,40.0,28
1579,118,2,40.0,28
1580,1466,2,234.0,28
1582,172,2,45.0,28
1583,1466,2,234.0,27
1584,321,2,,27
1585,478,2,234.0,27
1586,321,2,,27
1587,435,2,234.0,27
1588,321,2,,27
1589,478,2,234.0,27
1590,272,1,156.0,27
1591,344,1,233.0,27
1592,1964,1,234.0,27
1593,152,1,45.0,27
1594,272,1,156.0,27
1595,113,1,40.0,27
1596,344,1,233.0,27
1597,2039,1,234.0,27
1598,152,1,45.0,26
1599,185,1,83.0,26
1600,712,1,234.0,26
1601,712,1,234.0,26
1602,503,1,234.0,26
1603,152,1,45.0,26
1604,310,1,215.0,26
1605,40,1,31.0,26
1606,344,1,233.0,26
1607,263,1,130.0,26
1608,2282,1,234.0,26
1609,185,1,83.0,26
1610,263,1,130.0,26
1611,185,1,83.0,26
1612,2039,1,234.0,26
1613,344,1,233.0,26
1614,152,1,45.0,25
1615,1916,1,234.0,25
1616,152,1,45.0,25
1617,113,1,40.0,25
1618,113,1,40.0,25
1619,263,1,130.0,25
1620,113,1,40.0,25
1621,344,1,233.0,25
1622,113,1,40.0,25
1623,113,1,40.0,25
1624,1964,1,234.0,25
1625,152,1,45.0,25
1626,113,1,40.0,25
1627,152,1,45.0,25
1628,272,1,156.0,24
1629,1916,1,234.0,24
1630,344,1,233.0,24
1631,344,1,233.0,24
1632,113,1,40.0,24
1633,2039,1,234.0,24
1634,344,1,233.0,24
1635,344,1,233.0,24
1636,1466,1,234.0,24
1637,152,1,45.0,24
1638,344,1,233.0,24
1639,344,1,233.0,24
1640,80,1,40.0,24
1641,152,1,45.0,24
1642,152,1,45.0,24
1643,344,1,233.0,24
1644,344,1,233.0,24
1645,1858,1,234.0,24
1646,344,1,233.0,24
1647,105,1,40.0,24
1648,344,1,233.0,23
1649,344,1,233.0,23
1650,272,1,156.0,23
1651,339,1,233.0,23
1652,152,1,45.0,23
1653,152,1,45.0,23
1654,339,1,233.0,23
1655,339,1,233.0,23
1656,2039,1,234.0,23
1657,712,1,234.0,23
1658,712,1,234.0,23
1659,339,1,233.0,23
1660,152,1,45.0,23
1661,2039,1,234.0,23
1662,152,1,45.0,23
1663,712,1,234.0,23
1664,152,1,45.0,23
1665,712,1,234.0,23
1666,2039,1,234.0,23
1667,339,1,233.0,23
1668,712,1,234.0,22
1669,2039,1,234.0,22
1670,712,1,234.0,233
1671,185,1,83.0,222
1672,712,1,234.0,222
1673,152,1,45.0,222
1674,152,1,45.0,221
1675,185,1,83.0,221
1676,339,1,233.0,217
1677,1858,1,234.0,217
1678,1858,1,234.0,215
1679,152,1,45.0,215
1680,263,1,130.0,214
1681,2039,1,234.0,214
1682,1858,1,234.0,202
1683,272,1,156.0,202
1684,1858,1,234.0,199
1685,339,1,233.0,199
1686,113,1,40.0,198
1687,152,1,45.0,198
1688,339,1,233.0,198
1689,118,1,40.0,198
1690,113,1,40.0,195
1691,152,1,45.0,195
1692,272,1,156.0,190
1693,339,1,233.0,185
1694,1964,1,234.0,185
1695,272,1,156.0,185
1696,310,1,215.0,177
1697,1916,1,234.0,177
1698,150,1,45.0,155
1699,339,1,233.0,155
1700,150,1,45.0,147
1701,321,1,,147
1702,310,1,215.0,146
1703,272,1,156.0,146
1704,185,1,83.0,144
1705,150,1,45.0,144
1706,150,1,45.0,136
1707,2282,1,234.0,136
1708,272,1,156.0,135
1709,325,1,233.0,135
1710,263,1,130.0,135
1711,152,1,45.0,135
1712,152,1,45.0,133
1713,1916,1,234.0,133
1714,310,1,215.0,132
1715,263,1,130.0,132
1716,339,1,233.0,129
1717,837,1,234.0,129
1718,837,1,234.0,129
1719,263,1,130.0,129
1720,185,1,83.0,128
1721,263,1,130.0,128
1722,712,1,234.0,125
1723,339,1,233.0,123
1724,339,1,233.0,123
1725,1964,1,234.0,122
1726,263,1,130.0,122
1727,2282,1,234.0,115
1728,431,1,234.0,115
1729,185,1,83.0,107
1730,1964,1,234.0,107
1731,310,1,215.0,103
1732,339,1,233.0,101
1733,1964,1,234.0,101
1734,105,1,40.0,101
1735,339,1,233.0,101
1736,837,1,234.0,96
1737,837,1,234.0,96
1738,310,1,215.0,93
1739,1964,1,234.0,93
1740,478,1,234.0,93
1741,1916,1,234.0,92
1742,185,1,83.0,92
1743,339,1,233.0,92
1744,339,1,233.0,91
1745,339,1,233.0,91
1746,2998,1,234.0,91
1747,185,1,83.0,91
1748,185,1,83.0,91
1749,2998,1,234.0,91
1750,339,1,233.0,87
1751,152,1,45.0,87
1752,2998,1,234.0,84
1753,2998,1,234.0,84
1754,2998,1,234.0,84
1755,307,1,215.0,84
1756,339,1,233.0,83
1757,2998,1,234.0,83
1758,341,1,233.0,82
1759,310,1,215.0,82
1760,152,1,45.0,82
1761,1916,1,234.0,81
1762,150,1,45.0,81
1763,2998,1,234.0,80
1764,341,1,233.0,80
1765,150,1,45.0,75
1766,150,1,45.0,75
1767,1099,3,234.0,74
1767,1099,3,234.0,74
1767,1099,3,234.0,73
1767,1099,3,234.0,73
1767,1099,3,234.0,71
1767,1099,3,234.0,71
1767,1099,3,234.0,69
1767,1099,3,234.0,69
1767,1099,3,234.0,68
1767,1099,3,234.0,68
1767,1099,3,234.0,67
1767,1099,3,234.0,67
1767,1099,3,234.0,63
1767,1099,3,234.0,63
1767,1099,3,234.0,62
1767,1099,3,234.0,62
1767,1099,3,234.0,62
1767,1099,3,234.0,62
1767,1099,3,234.0,61
1767,1099,3,234.0,61
1767,1099,3,234.0,60
1768,1099,3,234.0,60
1768,1099,3,234.0,60
1769,995,3,234.0,60
1770,272,3,156.0,60
1771,2998,3,234.0,60
1773,2039,3,234.0,58
1773,2039,3,234.0,58
1775,712,3,234.0,58
1776,172,3,45.0,58
1777,700,3,234.0,58
1778,321,3,,58
1779,1732,3,234.0,58
1780,94,3,40.0,58
1780,94,3,40.0,57
1781,353,3,234.0,57
1785,2503,3,234.0,56
1786,2998,3,234.0,56
1787,2039,3,234.0,56
1788,219,3,107.0,56
1789,226,3,107.0,56
1791,1449,3,234.0,56
1791,1449,3,234.0,56
1792,1466,3,234.0,56
1793,219,3,107.0,55
1794,712,3,234.0,55
1794,712,3,234.0,55
1796,1964,3,234.0,55
1797,219,3,107.0,55
1797,219,3,107.0,55
1798,336,3,233.0,55
1799,225,3,107.0,54
1800,1099,3,234.0,54
1801,1732,3,234.0,53
1802,1081,3,234.0,53
1804,94,3,40.0,53
1805,1916,3,234.0,52
1807,353,3,234.0,52
1809,2503,3,234.0,51
1810,1665,3,234.0,51
1811,2998,3,234.0,50
1811,2998,3,234.0,50
1812,190,3,86.0,50
1812,190,3,86.0,50
1813,2039,3,234.0,50
1814,219,3,107.0,50
1814,219,3,107.0,50
1815,219,3,107.0,50
1815,219,3,107.0,49
1815,226,3,107.0,49
1816,1466,3,234.0,49
1816,1466,3,234.0,49
1817,712,3,234.0,48
1818,1964,3,234.0,48
1819,215,3,107.0,48
1819,215,3,107.0,48
1819,215,3,107.0,48
1820,336,3,233.0,48
1820,336,3,233.0,47
1821,307,3,215.0,47
1822,321,3,,47
1822,321,3,,47
1823,1641,3,234.0,46
1824,1916,3,234.0,46
1825,353,3,234.0,46
1828,190,3,86.0,46
1829,215,3,107.0,46
1829,215,3,107.0,46
1830,215,3,107.0,46
1830,215,3,107.0,45
1831,225,3,107.0,45
1832,1466,3,234.0,45
1833,712,3,234.0,45
1834,215,3,107.0,45
1834,215,3,107.0,45
1835,1964,3,234.0,45
1836,1466,2,234.0,45
1837,40,2,31.0,45
887,272,2,156.0,45
1839,336,2,233.0,45
1840,214,2,107.0,45
1841,1964,2,234.0,44
1842,149,2,45.0,44
1843,272,2,156.0,44
1844,94,2,40.0,44
1845,336,2,233.0,44
1846,2039,2,234.0,44
1847,149,2,45.0,43
1848,188,2,83.0,43
1849,712,2,234.0,43
1850,712,2,234.0,43
1851,503,2,234.0,43
1852,149,2,45.0,43
1853,305,2,215.0,43
1854,40,2,31.0,42
1855,336,2,233.0,42
1857,263,2,130.0,42
1858,2282,2,234.0,42
1859,188,2,83.0,42
1860,263,2,130.0,41
1861,188,2,83.0,41
1862,2039,2,234.0,41
1863,336,2,233.0,41
1864,149,2,45.0,41
1865,1916,2,234.0,41
1866,149,2,45.0,41
1867,94,2,40.0,41
1868,171,2,45.0,40
1869,263,2,130.0,40
1870,171,2,45.0,40
1871,337,2,233.0,40
1872,171,2,45.0,39
1873,171,2,45.0,39
1874,1964,2,234.0,39
1875,149,2,45.0,39
1876,171,2,45.0,39
1877,149,2,45.0,39
1878,272,2,156.0,39
1879,1916,2,234.0,39
1880,337,2,233.0,39
1881,337,2,233.0,39
1882,171,2,45.0,39
1846,2039,2,234.0,39
1883,336,2,233.0,38
1884,336,2,233.0,38
1885,149,2,45.0,38
1886,336,2,233.0,38
1887,336,2,233.0,38
1888,80,2,40.0,38
1889,149,2,45.0,37
1890,149,2,45.0,37
998,336,2,233.0,37
1891,336,2,233.0,37
1892,1858,2,234.0,37
1893,336,2,233.0,37
1894,336,2,233.0,37
1895,336,2,233.0,37
1896,272,2,156.0,37
1897,336,2,233.0,37
1898,149,2,45.0,36
1899,149,2,45.0,36
1900,337,2,233.0,36
1901,337,2,233.0,36
1902,2039,2,234.0,36
1903,712,2,234.0,36
1904,712,2,234.0,35
1905,337,2,233.0,35
1906,149,2,45.0,35
1907,2039,2,234.0,35
1908,149,2,45.0,35
1909,712,2,234.0,35
1910,149,2,45.0,35
1911,712,2,234.0,35
1912,2039,2,234.0,35
1913,330,2,233.0,35
1914,712,2,234.0,35
1915,2039,2,234.0,35
1916,712,2,234.0,34
1917,188,2,83.0,34
1918,118,2,40.0,34
597,712,2,234.0,34
1919,149,2,45.0,34
1920,149,2,45.0,34
1921,188,2,83.0,34
1922,336,2,233.0,34
1923,1858,2,234.0,34
1924,1858,2,234.0,34
1925,149,2,45.0,33
1926,263,2,130.0,33
1927,2039,2,234.0,33
1528,2093,2,234.0,33
1928,1858,2,234.0,33
1929,272,2,156.0,33
1930,1858,2,234.0,33
1931,336,2,233.0,33
1932,171,2,45.0,33
334,149,2,45.0,33
1933,336,2,233.0,32
1934,118,2,40.0,32
1935,171,2,45.0,32
1936,149,2,45.0,32
1937,272,2,156.0,31
1938,330,2,233.0,31
1939,1964,2,234.0,30
1940,272,2,156.0,30
1941,172,2,45.0,30
1942,330,2,233.0,30
1943,172,2,45.0,30
1944,321,2,,30
1945,305,2,215.0,30
1946,272,2,156.0,30
1947,186,2,83.0,30
1948,172,2,45.0,30
1949,172,2,45.0,30
1950,2282,2,234.0,29
1951,272,2,156.0,29
1952,325,2,233.0,29
1953,263,2,130.0,29
1954,149,2,45.0,29
1955,149,2,45.0,29
1956,1916,2,234.0,28
1957,305,2,215.0,28
1958,263,2,130.0,28
1959,330,2,233.0,28
1960,837,2,234.0,28
1961,837,2,234.0,28
1962,263,2,130.0,28
1963,186,2,83.0,28
1964,263,2,130.0,28
1094,712,2,234.0,27
1965,330,2,233.0,27
1966,330,2,233.0,27
1967,1964,2,234.0,27
1968,263,2,130.0,27
1969,2282,2,234.0,27
1970,431,2,234.0,27
1971,186,2,83.0,27
1972,1964,2,234.0,27
1973,313,2,215.0,27
1974,330,2,233.0,27
1975,105,2,40.0,27
1976,330,2,233.0,27
1977,283,2,171.0,27
1978,837,2,234.0,27
1979,837,2,234.0,26
1980,313,2,215.0,26
1981,1964,2,234.0,26
1983,478,2,234.0,26
1984,1916,2,234.0,26
1985,186,2,83.0,26
1986,330,2,233.0,26
1987,330,2,233.0,26
1988,337,2,233.0,26
1989,2998,2,234.0,26
1990,186,2,83.0,26
1991,186,2,83.0,26
1865,2998,2,234.0,26
1992,337,2,233.0,26
1993,149,2,45.0,26
1994,2998,2,234.0,25
1995,2998,2,234.0,25
1996,2998,2,234.0,25
1997,307,2,215.0,25
1998,337,2,233.0,25
1999,2998,2,234.0,25
2000,337,2,233.0,25
2001,313,2,215.0,233
2002,149,2,45.0,222
2003,1916,2,234.0,222
2004,283,2,171.0,222
2005,172,2,45.0,221
2006,2998,2,234.0,221
2007,337,2,233.0,217
2008,172,2,45.0,217
2009,172,2,45.0,215
2010,700,1,234.0,215
2011,700,1,234.0,214
2012,700,1,234.0,214
2013,700,1,234.0,202
2014,113,1,40.0,202
2015,700,1,234.0,199
2016,113,1,40.0,199
2017,174,1,45.0,198
2018,113,1,40.0,198
2019,1858,1,234.0,198
2020,330,1,233.0,198
2021,272,1,156.0,195
2022,272,1,156.0,195
2023,712,1,234.0,190
2024,174,1,45.0,185
2025,330,1,233.0,185
2026,712,1,234.0,185
2027,272,1,156.0,177
2028,174,1,45.0,177
2029,1858,1,234.0,155
2030,330,1,233.0,155
2031,1858,1,234.0,147
2032,272,1,156.0,147
2033,337,1,233.0,146
2034,174,1,45.0,146
2035,337,1,233.0,144
2036,113,1,40.0,144
2037,174,1,45.0,136
2038,1858,1,234.0,136
2039,712,1,234.0,135
2040,272,1,156.0,135
2041,1858,1,234.0,135
2042,336,1,233.0,135
2043,174,1,45.0,133
2044,174,1,45.0,133
2045,1858,1,234.0,132
2046,266,1,143.0,132
2047,712,1,234.0,129
2048,113,1,40.0,129
2049,174,1,45.0,129
2050,1858,1,234.0,129
2051,174,1,45.0,128
2052,174,1,45.0,128
2053,1858,1,234.0,125
2054,712,1,234.0,123
2055,174,1,45.0,123
2056,174,1,45.0,122
2057,1858,1,234.0,122
2058,174,1,45.0,115
2059,174,1,45.0,115
2060,272,1,156.0,107
2061,174,1,45.0,107
2062,174,1,45.0,103
2063,272,1,156.0,101
2064,94,1,40.0,101
2065,188,1,83.0,101
2066,94,1,40.0,101
2067,188,1,83.0,96
2068,94,1,40.0,96
2069,1858,1,234.0,93
2070,174,1,45.0,93
2071,174,1,45.0,93
2072,1964,1,234.0,92
2073,336,1,233.0,92
2074,174,1,45.0,92
2075,174,1,45.0,91
2076,336,1,233.0,91
2077,266,1,143.0,91
2078,174,1,45.0,91
2079,174,1,45.0,91
2080,174,1,45.0,91
2081,149,1,45.0,87
2082,149,1,45.0,87
2083,188,1,83.0,84
2084,149,1,45.0,84
2085,1964,1,234.0,84
2086,149,1,45.0,84
2087,336,1,233.0,83
2088,336,1,233.0,83
2089,1858,1,234.0,82
2090,266,1,143.0,82
2091,188,1,83.0,82
2092,149,1,45.0,81
2093,2039,1,234.0,81
2094,712,1,234.0,80
2095,188,1,83.0,80
2096,149,1,45.0,75
2097,263,1,130.0,75
2098,336,1,233.0,74
2099,1858,1,234.0,74
2100,94,1,40.0,73
2101,712,1,234.0,73
2102,149,1,45.0,71
2103,712,1,234.0,71
2104,1858,1,234.0,69
2105,188,1,83.0,69
2106,188,1,83.0,68
2107,149,1,45.0,68
2108,1858,1,234.0,67
2109,94,1,40.0,67
2110,1964,1,234.0,63
2111,1858,1,234.0,63
2112,712,2,234.0,62
2113,700,2,234.0,62
2114,700,2,234.0,62
2115,700,2,234.0,62
2116,700,2,234.0,61
2117,171,2,45.0,61
2118,700,2,234.0,60
2119,171,2,45.0,60
2120,145,2,45.0,60
2121,171,2,45.0,60
2122,1858,2,234.0,60
2123,247,2,109.0,60
2124,337,2,233.0,58
2125,272,2,156.0,58
2126,272,2,156.0,58
2127,712,2,234.0,58
2128,145,2,45.0,58
2129,337,2,233.0,58
2130,712,2,234.0,58
2131,272,2,156.0,58
2132,145,2,45.0,58
2133,1858,2,234.0,58
2134,337,2,233.0,57
2135,1858,2,234.0,57
2136,272,2,156.0,56
2137,337,2,233.0,56
2138,145,2,45.0,56
2139,337,2,233.0,56
2140,171,2,45.0,56
2141,145,2,45.0,56
2142,1858,2,234.0,56
2143,712,2,234.0,56
2144,272,2,156.0,56
2145,1858,2,234.0,56
2146,337,2,233.0,56
2147,145,2,45.0,56
2148,145,2,45.0,55
2149,1858,2,234.0,55
2150,266,2,143.0,55
2151,712,2,234.0,55
2152,171,2,45.0,55
2153,145,2,45.0,55
2154,1858,2,234.0,55
2155,145,2,45.0,55
2156,145,2,45.0,54
2157,1858,2,234.0,54
2158,712,2,234.0,53
2159,145,2,45.0,53
2160,145,2,45.0,53
2161,1858,2,234.0,53
2162,145,2,45.0,52
2163,247,2,109.0,52
2164,145,2,45.0,52
2165,272,2,156.0,52
2166,145,2,45.0,52
2167,145,2,45.0,51
2168,272,2,156.0,51
2169,171,2,45.0,50
2170,186,2,83.0,50
2171,171,2,45.0,50
2172,247,2,109.0,50
2173,171,2,45.0,50
2174,1858,2,234.0,50
2175,145,2,45.0,50
2176,197,2,103.0,50
2177,1964,2,234.0,49
2178,337,2,233.0,49
649,197,2,103.0,49
2179,197,2,103.0,49
2180,337,2,233.0,48
2181,266,2,143.0,48
2182,197,2,103.0,48
2183,197,2,103.0,48
59,197,2,103.0,48
2184,197,2,103.0,48
2185,197,2,103.0,47
2186,186,2,83.0,47
2187,197,2,103.0,47
2188,1964,2,234.0,47
2189,197,2,103.0,46
2190,337,2,233.0,46
649,337,2,233.0,46
2191,1858,2,234.0,46
2192,266,2,143.0,46
2193,186,2,83.0,46
2194,197,2,103.0,46
2195,2039,2,234.0,46
2196,712,2,234.0,46
2197,186,2,83.0,45
2198,197,2,103.0,45
2199,263,2,130.0,45
2200,337,2,233.0,45
2201,1858,2,234.0,45
2202,171,2,45.0,45
2203,712,2,234.0,45
2204,197,2,103.0,45
2205,712,2,234.0,45
2206,1858,2,234.0,45
2207,186,2,83.0,45
2208,186,2,83.0,45
2209,197,2,103.0,45
2210,1858,2,234.0,45
2211,171,2,45.0,45
2212,1964,2,234.0,45
2213,1858,2,234.0,45
